,RollNumber,Name,exam-mid-35,exam-end-50,lab-basic01-20,lab-basic02-20,lab-basic03-20,asgn-basic01-15,asgn-basic02-15,asgn-basic03-15,asgn-basic04-15,oth-quiz01-30,oth-quiz02-30,oth-quiz03-30,fraud,overall,avgExam,avgLab,avgAsgn,avgOth,ChMarks,var,cheatflagged,temp,best,worst,bestExam,worstExam
0,1,0,326.530612244898,320.0,875.0,625.0,1500.0,2370.370370370371,2074.074074074074,4148.148148148148,3851.851851851852,481.4814814814815,777.7777777777778,555.5555555555554,5,54.44444444444444,120.0,120.0,280.0,163.33333333333334,134.44444444444446,777.8501168144027,145.55555555555554,777.8684841613415,93.33,25.0,basic03,basic02
1,2,0,536.4431486880466,96.0,1500.0,1125.0,500.0,1777.7777777777778,3555.5555555555557,888.8888888888889,3555.5555555555557,962.962962962963,148.14814814814818,148.14814814814818,4,44.20634920634921,89.71428571428571,125.0,220.0,113.33333333333333,109.34920634920634,1297.8053322339038,110.65079365079366,1297.827953418823,86.67,13.33,quiz01,quiz03
2,3,0,186.58892128279885,288.0,125.0,1375.0,2000.0,4148.148148148148,2370.370370370371,3851.851851851852,888.8888888888889,1037.037037037037,0.0,111.11111111111111,3,47.492063492063494,94.85714285714286,140.0,253.33333333333331,103.33333333333333,112.73015873015873,502.14064110492683,140.60317460317458,502.16169725465943,93.33,0.0,quiz01,quiz02
3,4,0,536.4431486880466,224.0,875.0,625.0,1875.0,888.8888888888889,3555.5555555555557,1481.4814814814815,2074.074074074074,555.5555555555554,1000.0,444.44444444444446,2,54.42857142857143,121.71428571428571,135.0,180.0,180.0,145.57142857142858,831.4949494949495,34.428571428571416,831.5133221983616,90.0,20.0,quiz02,basic01
4,5,0,163.265306122449,368.0,375.0,1500.0,1875.0,1777.7777777777778,3555.5555555555557,3851.851851851852,4148.148148148148,370.3703703703704,888.8888888888889,407.40740740740733,1,55.5,112.0,150.0,300.0,150.0,137.33333333333334,881.4893664536522,162.66666666666666,881.5073844716702,93.33,15.0,basic04,basic01
5,6,0,769.6793002915452,288.0,750.0,750.0,375.0,2074.074074074074,3259.2592592592587,3851.851851851852,2962.962962962963,444.44444444444446,74.07407407407409,185.1851851851852,5,58.01587301587302,166.28571428571428,75.0,273.33333333333337,63.33333333333333,101.53968253968253,690.3056929842642,171.79365079365084,690.3229296463709,94.29,6.67,mid,quiz02
6,7,0,676.3848396501459,40.0,750.0,250.0,2125.0,1185.1851851851854,1777.7777777777778,592.5925925925927,1481.4814814814815,74.07407407407409,370.3703703703704,222.22222222222223,6,40.54761904761905,92.85714285714286,125.0,113.33333333333334,60.0,92.61904761904763,935.2071050642477,20.714285714285708,935.2317674247879,85.0,6.67,basic03,quiz01
7,8,0,69.97084548104955,256.0,1250.0,2375.0,2375.0,2962.962962962963,1777.7777777777778,3259.2592592592587,888.8888888888889,296.29629629629636,1074.0740740740744,888.8888888888889,4,53.92063492063492,72.57142857142857,240.0,200.0,203.33333333333334,171.96825396825398,510.91012162440734,28.031746031746025,510.92866740009174,96.67,8.57,quiz02,mid
8,9,0,116.61807580174928,320.0,1000.0,1250.0,1500.0,1481.4814814814815,2962.962962962963,888.8888888888889,3259.2592592592587,370.3703703703704,148.14814814814818,444.44444444444446,2,46.2936507936508,94.28571428571429,150.0,193.33333333333331,86.66666666666667,110.31746031746032,817.8274410774411,83.015873015873,817.8490423117973,80.0,13.33,end,quiz02
9,10,0,326.530612244898,344.0,250.0,500.0,1375.0,1777.7777777777778,296.29629629629636,4148.148148148148,1777.7777777777778,518.5185185185185,37.037037037037045,407.40740740740733,1,47.388888888888886,126.0,85.0,180.0,86.66666666666666,99.22222222222221,830.7393664536519,80.77777777777779,830.7604684466179,93.33,3.33,basic03,quiz02
10,11,0,279.8833819241982,200.0,250.0,125.0,1125.0,4148.148148148148,4148.148148148148,1481.4814814814815,888.8888888888889,481.4814814814815,148.14814814814818,444.44444444444446,2,36.29365079365079,84.28571428571428,60.0,240.0,96.66666666666667,80.31746031746032,617.1706692778123,159.6825396825397,617.1982223064587,93.33,5.0,basic02,basic02
11,12,0,396.5014577259475,32.0,375.0,2250.0,1250.0,1777.7777777777778,1777.7777777777778,2666.6666666666665,296.29629629629636,222.22222222222223,703.7037037037038,407.40740740740733,1,37.30952380952381,56.57142857142857,155.0,146.66666666666666,120.0,110.52380952380952,1426.2660619803476,36.14285714285714,1426.2928647882607,90.0,6.67,basic02,basic04
12,13,0,209.91253644314872,360.0,250.0,875.0,2125.0,3259.2592592592587,888.8888888888889,0.0,4148.148148148148,1074.0740740740744,259.25925925925924,74.07407407407409,2,50.817460317460316,115.71428571428572,130.0,186.66666666666666,126.66666666666667,124.12698412698414,900.4225932797361,62.53968253968252,900.4422715555444,96.67,0.0,quiz01,basic03
13,14,0,723.0320699708454,40.0,125.0,1250.0,2125.0,888.8888888888889,2074.074074074074,2666.6666666666665,4148.148148148148,666.6666666666666,481.4814814814815,296.29629629629636,8,48.476190476190474,98.57142857142857,140.0,220.0,130.0,122.85714285714285,830.3906411049268,97.14285714285715,830.4112697886203,93.33,5.0,basic04,basic01
14,15,0,536.4431486880466,200.0,1000.0,750.0,2250.0,3851.851851851852,0.0,2074.074074074074,2962.962962962963,1074.0740740740744,925.9259259259256,888.8888888888889,4,58.595238095238095,115.71428571428571,160.0,200.0,260.0,178.57142857142858,1505.603930461073,21.428571428571416,1505.6209966943115,96.67,0.0,quiz01,basic02
15,16,0,723.0320699708454,56.0,2375.0,250.0,125.0,3555.5555555555557,2074.074074074074,296.29629629629636,4148.148148148148,1074.0740740740744,333.3333333333333,222.22222222222223,6,47.198412698412696,102.57142857142857,110.0,226.66666666666663,146.66666666666669,119.74603174603175,771.7218958290384,106.92063492063488,771.7430829822249,96.67,5.0,quiz01,basic03
16,17,0,256.55976676384836,120.0,2000.0,1875.0,1750.0,3259.2592592592587,296.29629629629636,3851.851851851852,2370.370370370371,370.3703703703704,703.7037037037038,111.11111111111111,3,46.91269841269842,61.42857142857143,225.0,220.00000000000003,106.66666666666667,131.03174603174605,588.9282450353877,88.96825396825398,588.9495612255416,86.67,6.67,basic03,basic02
17,18,0,419.82507288629745,224.0,625.0,750.0,1750.0,592.5925925925927,3259.2592592592587,2074.074074074074,1777.7777777777778,703.7037037037038,37.037037037037045,74.07407407407409,2,46.13492063492064,107.42857142857143,125.0,173.33333333333331,73.33333333333334,101.92063492063494,1067.5182264825123,71.41269841269838,1067.5399020373034,73.33,3.33,basic02,quiz02
18,19,0,116.61807580174928,296.0,1500.0,2125.0,0.0,296.29629629629636,0.0,2370.370370370371,1481.4814814814815,629.6296296296296,814.8148148148147,925.9259259259256,5,46.01587301587301,88.28571428571429,145.0,93.33333333333334,213.33333333333331,148.87301587301587,688.7380437023295,-55.53968253968253,688.7597753339265,85.0,0.0,basic02,basic02
19,20,0,606.4139941690962,368.0,750.0,1375.0,1500.0,888.8888888888889,2666.6666666666665,296.29629629629636,2666.6666666666665,666.6666666666666,148.14814814814818,333.3333333333333,9,63.18253968253968,166.28571428571428,145.0,146.66666666666669,103.33333333333333,138.2063492063492,929.7721947364805,8.460317460317498,929.7880218938728,92.0,6.67,end,basic03
20,21,0,769.6793002915452,48.0,2250.0,2000.0,875.0,3259.2592592592587,2962.962962962963,592.5925925925927,1185.1851851851854,740.7407407407408,222.22222222222223,777.7777777777778,1,56.79365079365079,106.28571428571429,205.0,180.0,156.66666666666669,155.984126984127,704.5856352642068,24.015873015873012,704.603242866219,94.29,12.0,mid,end
21,22,0,676.3848396501459,272.0,2000.0,625.0,2250.0,3555.5555555555557,1185.1851851851854,1481.4814814814815,2666.6666666666665,185.1851851851852,444.44444444444446,851.851851851852,3,66.65873015873017,150.85714285714286,195.0,200.0,133.33333333333334,159.73015873015876,860.1954751597609,40.26984126984124,860.2104769456878,90.0,16.67,basic03,quiz01
22,23,0,209.91253644314872,232.0,0.0,1125.0,1250.0,592.5925925925927,2666.6666666666665,2962.962962962963,0.0,1074.0740740740744,703.7037037037038,333.3333333333333,9,40.261904761904766,83.71428571428572,95.0,140.0,190.0,122.90476190476191,776.7761114546828,17.095238095238088,776.8009488290176,96.67,0.0,quiz01,basic04
23,24,0,303.2069970845481,296.0,250.0,1125.0,750.0,4148.148148148148,4148.148148148148,3555.5555555555557,4148.148148148148,629.6296296296296,555.5555555555554,888.8888888888889,4,51.507936507936506,111.14285714285714,85.0,359.99999999999994,186.66666666666666,127.6031746031746,932.276850133993,232.39682539682536,932.2962646178142,93.33,10.0,basic04,basic01
24,25,0,746.3556851311954,160.0,125.0,2000.0,2375.0,1777.7777777777778,1777.7777777777778,2370.370370370371,592.5925925925927,629.6296296296296,814.8148148148147,148.14814814814818,4,59.301587301587304,131.42857142857144,180.0,146.66666666666669,143.33333333333334,151.5873015873016,1521.0313337456191,-4.92063492063491,1521.0481967006513,95.0,5.0,basic03,basic01
25,26,0,769.6793002915452,96.0,0.0,2375.0,125.0,296.29629629629636,4148.148148148148,3259.2592592592587,592.5925925925927,925.9259259259256,333.3333333333333,777.7777777777778,1,50.34920634920634,118.28571428571429,100.0,186.66666666666666,183.33333333333331,133.87301587301587,1211.5487356558788,52.793650793650784,1211.5685969421336,95.0,0.0,basic02,basic01
26,27,0,746.3556851311954,320.0,750.0,125.0,500.0,1777.7777777777778,1185.1851851851854,4148.148148148148,0.0,37.037037037037045,851.851851851852,592.5925925925927,6,56.801587301587304,171.42857142857144,55.0,160.0,133.33333333333334,119.92063492063494,870.7272727272727,40.07936507936506,870.744877869092,93.33,0.0,basic03,basic04
27,28,0,653.061224489796,136.0,1625.0,250.0,125.0,2962.962962962963,4148.148148148148,3851.851851851852,2962.962962962963,370.3703703703704,370.3703703703704,777.7777777777778,1,48.88888888888889,114.0,80.0,313.33333333333337,136.66666666666669,110.22222222222223,930.3349652992508,203.11111111111114,930.3554198447054,93.33,5.0,basic02,basic03
28,29,0,373.1778425655977,328.0,1500.0,125.0,1500.0,3851.851851851852,3851.851851851852,0.0,2074.074074074074,222.22222222222223,629.6296296296296,222.22222222222223,6,53.15079365079365,127.71428571428572,125.0,220.0,96.66666666666666,116.46031746031747,557.3739263382121,103.53968253968253,557.3927407327171,86.67,0.0,basic02,basic03
29,30,0,443.14868804664724,136.0,875.0,1750.0,2000.0,888.8888888888889,296.29629629629636,2074.074074074074,2666.6666666666665,666.6666666666666,74.07407407407409,481.4814814814815,3,47.57142857142857,88.28571428571428,185.0,133.33333333333331,110.0,127.76190476190476,843.9702466845325,5.571428571428555,843.9912677055536,80.0,6.67,basic03,quiz02
30,31,0,769.6793002915452,176.0,250.0,750.0,0.0,888.8888888888889,2962.962962962963,2370.370370370371,2962.962962962963,444.44444444444446,962.962962962963,481.4814814814815,3,49.404761904761905,138.28571428571428,40.0,206.66666666666669,170.0,116.09523809523809,904.8875833161546,90.5714285714286,904.90782428001,94.29,0.0,mid,basic03
31,32,0,303.2069970845481,104.0,2375.0,0.0,1875.0,888.8888888888889,592.5925925925927,1185.1851851851854,2666.6666666666665,148.14814814814818,851.851851851852,592.5925925925927,6,40.56349206349206,63.142857142857146,170.0,120.0,143.33333333333334,125.4920634920635,1196.8936130007557,-5.492063492063494,1196.9182657105973,95.0,0.0,basic01,basic02
32,33,0,746.3556851311954,216.0,1625.0,875.0,1875.0,592.5925925925927,0.0,0.0,3851.851851851852,703.7037037037038,0.0,259.25925925925924,7,59.24603174603175,145.42857142857144,175.0,100.0,86.66666666666667,135.6984126984127,637.4234006734006,-35.69841269841271,637.4402794409826,91.43,0.0,mid,quiz02
33,34,0,489.79591836734687,104.0,1000.0,1250.0,875.0,2962.962962962963,4148.148148148148,296.29629629629636,592.5925925925927,296.29629629629636,370.3703703703704,148.14814814814818,4,40.94444444444444,86.0,125.0,180.0,73.33333333333333,94.77777777777777,682.8832543118257,85.22222222222223,682.9076776496819,93.33,6.67,basic02,basic03
34,35,0,186.58892128279885,80.0,500.0,2250.0,0.0,888.8888888888889,2370.370370370371,3259.2592592592587,888.8888888888889,259.25925925925924,555.5555555555554,481.4814814814815,3,29.769841269841272,42.85714285714286,110.0,166.66666666666669,116.66666666666666,89.84126984126983,1379.0896035181747,76.82539682539685,1379.1231945605634,90.0,0.0,basic02,basic03
35,36,0,793.002915451895,392.0,0.0,750.0,500.0,296.29629629629636,1777.7777777777778,4148.148148148148,2666.6666666666665,962.962962962963,851.851851851852,222.22222222222223,6,64.89682539682539,195.14285714285714,50.0,200.0,183.33333333333334,142.82539682539684,1010.0645227788085,57.17460317460316,1010.0799318530411,98.0,0.0,end,basic01
36,37,0,373.1778425655977,376.0,0.0,1125.0,1125.0,296.29629629629636,3259.2592592592587,2666.6666666666665,592.5925925925927,0.0,407.40740740740733,888.8888888888889,4,51.65079365079365,139.71428571428572,90.0,153.33333333333334,116.66666666666666,115.46031746031747,1051.9035765821482,37.87301587301587,1051.9229373688722,94.0,0.0,end,quiz01
37,38,0,629.7376093294461,384.0,750.0,250.0,125.0,0.0,1777.7777777777778,2370.370370370371,3851.851851851852,407.40740740740733,814.8148148148147,666.6666666666666,8,57.95238095238095,173.14285714285714,45.0,180.0,170.0,129.38095238095238,430.41329966329977,50.61904761904762,430.4305552097254,96.0,0.0,end,basic01
38,39,0,489.79591836734687,272.0,1375.0,375.0,1375.0,3851.851851851852,1481.4814814814815,2370.370370370371,2962.962962962963,555.5555555555554,814.8148148148147,259.25925925925924,7,55.388888888888886,128.0,125.0,240.0,146.66666666666666,133.2222222222222,901.119081976225,106.7777777777778,901.1371361387124,86.67,15.0,basic01,basic02
39,40,0,93.29446064139943,368.0,1250.0,1375.0,1875.0,888.8888888888889,592.5925925925927,1481.4814814814815,3851.851851851852,814.8148148148147,629.6296296296296,111.11111111111111,3,52.35714285714286,103.42857142857143,180.0,153.33333333333334,140.0,141.14285714285714,629.5639902425617,12.190476190476204,629.5830898332847,92.0,10.0,end,quiz03
40,41,0,513.1195335276967,152.0,250.0,125.0,750.0,2962.962962962963,3259.2592592592587,2666.6666666666665,592.5925925925927,333.3333333333333,37.037037037037045,407.40740740740733,1,37.38095238095239,100.85714285714286,45.0,213.33333333333334,70.0,71.95238095238095,926.2952484023912,141.3809523809524,926.3219999947479,73.33,3.33,basic02,quiz02
41,42,0,396.5014577259475,328.0,2125.0,1500.0,0.0,3851.851851851852,1777.7777777777778,2370.370370370371,1481.4814814814815,222.22222222222223,814.8148148148147,37.037037037037045,1,55.698412698412696,130.57142857142856,145.0,213.33333333333334,96.66666666666666,124.07936507936506,856.7714388785816,89.25396825396828,856.7893927115825,86.67,0.0,basic01,basic03
42,43,0,746.3556851311954,368.0,1625.0,2125.0,1625.0,1481.4814814814815,888.8888888888889,4148.148148148148,296.29629629629636,888.8888888888889,814.8148148148147,814.8148148148147,2,78.74603174603175,183.42857142857144,215.0,153.33333333333331,226.66666666666663,208.36507936507937,818.0505050505052,-55.03174603174605,818.0632041031156,93.33,6.67,basic03,basic04
43,44,0,163.265306122449,256.0,375.0,125.0,1000.0,2666.6666666666665,1185.1851851851854,2962.962962962963,3259.2592592592587,74.07407407407409,1000.0,296.29629629629636,8,36.777777777777786,84.0,60.0,226.66666666666669,123.33333333333334,89.11111111111113,915.1667010238442,137.55555555555554,915.1938913561705,90.0,5.0,quiz02,basic02
44,45,0,233.23615160349857,48.0,1250.0,625.0,625.0,3259.2592592592587,592.5925925925927,3259.2592592592587,2962.962962962963,185.1851851851852,1000.0,1000.0,7,32.36507936507937,40.57142857142857,100.0,226.66666666666669,196.66666666666669,112.41269841269842,765.1793272864702,114.25396825396827,765.2102247852441,90.0,12.0,quiz03,end
45,46,0,396.5014577259475,392.0,875.0,2250.0,1750.0,2962.962962962963,2962.962962962963,1777.7777777777778,296.29629629629636,925.9259259259256,1074.0740740740744,851.851851851852,3,69.1984126984127,146.57142857142856,195.0,180.0,256.6666666666667,199.4126984126984,849.5701229986946,-19.412698412698404,849.5845741972265,98.0,6.67,end,basic04
46,47,0,349.8542274052478,56.0,1375.0,2375.0,2250.0,2370.370370370371,1185.1851851851854,3555.5555555555557,3851.851851851852,185.1851851851852,925.9259259259256,777.7777777777778,1,50.047619047619044,56.857142857142854,240.0,246.66666666666669,170.0,155.61904761904762,1126.1862846148558,91.04761904761907,1126.2062655853601,95.0,14.0,basic02,end
47,48,0,23.323615160349856,176.0,2125.0,2250.0,125.0,296.29629629629636,4148.148148148148,2370.370370370371,2962.962962962963,444.44444444444446,925.9259259259256,666.6666666666666,8,41.32539682539682,46.857142857142854,180.0,220.0,183.33333333333331,136.7301587301587,744.6127946127946,83.2698412698413,744.6369928075325,93.33,2.86,basic02,mid
48,49,0,489.79591836734687,80.0,1625.0,1250.0,2125.0,4148.148148148148,2370.370370370371,2074.074074074074,592.5925925925927,962.962962962963,481.4814814814815,1074.0740740740744,9,52.72222222222222,80.0,200.0,206.66666666666666,226.66666666666669,168.88888888888889,986.1123307909025,37.77777777777777,986.1312981249383,96.67,13.33,quiz03,basic04
49,50,0,349.8542274052478,56.0,2250.0,1000.0,2125.0,1777.7777777777778,296.29629629629636,888.8888888888889,3555.5555555555557,703.7037037037038,74.07407407407409,111.11111111111111,3,42.047619047619044,56.857142857142854,215.0,146.66666666666666,80.0,117.28571428571428,1043.4092455163884,29.38095238095238,1043.4330280758447,90.0,6.67,basic01,quiz02
50,51,0,746.3556851311954,32.0,1500.0,1375.0,1750.0,0.0,0.0,592.5925925925927,2666.6666666666665,370.3703703703704,925.9259259259256,333.3333333333333,9,50.07936507936508,99.42857142857143,185.0,73.33333333333333,146.66666666666666,143.69841269841268,633.6557926200784,-70.36507936507935,633.6757609243573,91.43,0.0,mid,basic02
51,52,0,279.8833819241982,64.0,1875.0,875.0,1125.0,592.5925925925927,2074.074074074074,4148.148148148148,2666.6666666666665,148.14814814814818,333.3333333333333,259.25925925925924,7,35.62698412698413,50.285714285714285,155.0,213.33333333333331,66.66666666666667,90.65079365079366,801.0486497629358,122.68253968253966,801.076718375099,93.33,13.33,basic03,quiz01
52,53,0,443.14868804664724,352.0,375.0,750.0,1375.0,3851.851851851852,1185.1851851851854,2962.962962962963,0.0,222.22222222222223,481.4814814814815,740.7407407407408,0,54.404761904761905,142.28571428571428,100.0,180.0,130.0,124.09523809523809,641.6624750910468,55.90476190476191,641.6808558350292,88.0,0.0,end,basic04
53,54,0,676.3848396501459,376.0,750.0,625.0,1125.0,3259.2592592592587,2962.962962962963,2074.074074074074,888.8888888888889,851.851851851852,740.7407407407408,962.962962962963,6,67.04761904761905,176.85714285714286,100.0,206.66666666666666,230.0,168.95238095238096,473.8554765340481,37.714285714285694,473.87039130677533,94.0,20.0,end,basic04
54,55,0,349.8542274052478,160.0,1875.0,2000.0,500.0,2074.074074074074,4148.148148148148,2962.962962962963,2370.370370370371,481.4814814814815,592.5925925925927,296.29629629629636,8,48.82539682539683,82.85714285714286,175.0,260.0,123.33333333333334,127.06349206349209,630.8833058475916,132.9365079365079,630.9037869919349,93.33,20.0,basic02,basic03
55,56,0,699.7084548104956,72.0,2000.0,625.0,1000.0,1777.7777777777778,1185.1851851851854,2074.074074074074,296.29629629629636,370.3703703703704,814.8148148148147,629.6296296296296,7,48.87301587301587,103.71428571428571,145.0,120.00000000000001,163.33333333333331,137.34920634920636,819.9424689067547,-17.34920634920634,819.9629300954523,85.71,6.67,mid,basic04
56,57,0,536.4431486880466,24.0,1625.0,2375.0,375.0,3555.5555555555557,4148.148148148148,3259.2592592592587,3555.5555555555557,962.962962962963,888.8888888888889,592.5925925925927,6,50.92857142857143,71.71428571428571,175.0,326.66666666666663,220.00000000000003,155.57142857142858,795.993540850684,171.09523809523805,796.0131761943024,95.0,6.0,basic02,end
57,58,0,93.29446064139943,136.0,875.0,1625.0,2250.0,888.8888888888889,2074.074074074074,1481.4814814814815,888.8888888888889,851.851851851852,592.5925925925927,1074.0740740740744,9,40.91269841269842,45.42857142857143,190.0,120.0,226.66666666666669,154.03174603174605,735.7898715041572,-34.03174603174605,735.8143137931969,96.67,11.43,quiz03,mid
58,59,0,536.4431486880466,160.0,2000.0,125.0,875.0,2962.962962962963,2370.370370370371,3259.2592592592587,3259.2592592592587,148.14814814814818,851.851851851852,1000.0,7,51.095238095238095,105.71428571428571,120.0,266.66666666666663,180.0,135.23809523809524,525.8284202569918,131.4285714285714,525.8479915524251,90.0,5.0,quiz03,basic02
59,60,0,676.3848396501459,168.0,1625.0,250.0,1125.0,2962.962962962963,2666.6666666666665,2074.074074074074,3259.2592592592587,1074.0740740740744,407.40740740740733,592.5925925925927,6,55.6031746031746,124.85714285714286,120.0,246.66666666666669,186.66666666666669,143.84126984126985,820.4940562083418,102.82539682539684,820.5120407929835,96.67,10.0,quiz01,basic02
60,61,0,209.91253644314872,160.0,1625.0,375.0,250.0,4148.148148148148,888.8888888888889,1185.1851851851854,4148.148148148148,518.5185185185185,370.3703703703704,703.7037037037038,9,36.039682539682545,65.71428571428572,90.0,233.33333333333331,143.33333333333334,99.68253968253968,849.8606988249845,133.65079365079362,849.8884460172329,93.33,10.0,basic04,basic03
61,62,0,536.4431486880466,264.0,875.0,2000.0,250.0,4148.148148148148,4148.148148148148,2666.6666666666665,3555.5555555555557,333.3333333333333,777.7777777777778,148.14814814814818,4,57.37301587301587,131.71428571428572,125.0,326.66666666666663,113.33333333333333,123.34920634920634,992.068216175359,203.3174603174603,992.0856459720113,93.33,10.0,basic02,basic03
62,63,0,256.55976676384836,80.0,1875.0,1250.0,500.0,4148.148148148148,4148.148148148148,3851.851851851852,1185.1851851851854,962.962962962963,629.6296296296296,148.14814814814818,4,40.07936507936508,51.42857142857143,145.0,300.0,156.66666666666669,117.69841269841271,593.3359960145675,182.3015873015873,593.3609465096171,93.33,13.33,basic02,quiz03
63,64,0,513.1195335276967,240.0,1000.0,875.0,1500.0,2962.962962962963,888.8888888888889,3851.851851851852,2962.962962962963,888.8888888888889,37.037037037037045,666.6666666666666,8,54.992063492063494,122.85714285714286,135.0,240.0,143.33333333333331,133.73015873015873,1020.3276987562701,106.26984126984127,1020.3458831984696,86.67,3.33,basic03,quiz02
64,65,0,349.8542274052478,136.0,2375.0,2375.0,1000.0,4148.148148148148,3555.5555555555557,3851.851851851852,1185.1851851851854,666.6666666666666,407.40740740740733,0.0,0,52.6031746031746,76.85714285714286,230.0,286.6666666666667,96.66666666666666,134.5079365079365,883.9655053940769,152.15873015873018,883.984515653582,95.0,0.0,basic02,quiz03
65,66,0,23.323615160349856,40.0,1500.0,125.0,875.0,4148.148148148148,1777.7777777777778,2074.074074074074,3555.5555555555557,666.6666666666666,518.5185185185185,851.851851851852,3,25.825396825396826,12.857142857142858,100.0,260.0,183.33333333333331,98.73015873015872,838.1877276162991,161.26984126984127,838.2264491897471,93.33,2.86,basic01,mid
66,67,0,139.9416909620991,328.0,1750.0,1375.0,1625.0,3851.851851851852,2962.962962962963,2074.074074074074,3851.851851851852,925.9259259259256,111.11111111111111,148.14814814814818,4,54.507936507936506,99.14285714285714,190.0,286.6666666666667,106.66666666666666,131.93650793650792,1047.01936026936,154.73015873015876,1047.0377062216023,86.67,10.0,basic04,quiz02
67,68,0,0.0,56.0,375.0,250.0,0.0,2962.962962962963,2962.962962962963,4148.148148148148,2962.962962962963,740.7407407407408,518.5185185185185,222.22222222222223,6,17.777777777777782,14.0,25.0,293.33333333333337,133.33333333333334,57.44444444444445,977.8867587439014,235.8888888888889,977.9430087439014,93.33,0.0,basic03,basic03
68,69,0,419.82507288629745,112.0,375.0,125.0,2250.0,888.8888888888889,4148.148148148148,0.0,1777.7777777777778,777.7777777777778,370.3703703703704,666.6666666666666,8,40.13492063492063,79.42857142857143,110.0,153.33333333333331,163.33333333333334,117.58730158730161,696.7326324469182,35.746031746031704,696.7575484049961,93.33,0.0,basic02,basic03
69,70,0,279.8833819241982,80.0,375.0,1250.0,2125.0,296.29629629629636,888.8888888888889,296.29629629629636,3259.2592592592587,629.6296296296296,185.1851851851852,555.5555555555554,5,35.34920634920635,54.285714285714285,150.0,106.66666666666666,123.33333333333333,109.2063492063492,1159.602762317048,-2.539682539682545,1159.6310514953148,85.0,6.67,basic03,basic03
70,71,0,373.1778425655977,16.0,0.0,2000.0,1750.0,4148.148148148148,1481.4814814814815,3555.5555555555557,2370.370370370371,407.40740740740733,0.0,925.9259259259256,5,37.92857142857143,49.714285714285715,150.0,260.0,120.0,106.57142857142857,715.2283893355323,153.42857142857144,715.2547546839315,93.33,0.0,basic01,quiz02
71,72,0,396.5014577259475,0.0,875.0,1000.0,2250.0,2666.6666666666665,1481.4814814814815,4148.148148148148,2962.962962962963,888.8888888888889,666.6666666666666,777.7777777777778,1,41.976190476190474,48.57142857142857,165.0,253.33333333333337,210.0,141.19047619047618,1391.8569367140794,112.1428571428572,1391.8807597430075,93.33,0.0,basic03,end
72,73,0,746.3556851311954,24.0,750.0,2375.0,625.0,888.8888888888889,1185.1851851851854,0.0,4148.148148148148,444.44444444444446,888.8888888888889,0.0,0,46.85714285714286,97.42857142857143,150.0,140.0,120.0,122.47619047619048,886.7155225726657,17.52380952380952,886.7368640360803,95.0,0.0,basic02,quiz03
73,74,0,559.7667638483964,192.0,0.0,250.0,500.0,592.5925925925927,296.29629629629636,2962.962962962963,3851.851851851852,703.7037037037038,555.5555555555554,148.14814814814818,4,40.698412698412696,116.57142857142857,30.0,173.33333333333334,126.66666666666667,91.07936507936508,901.114134542706,82.25396825396827,901.1387055255453,86.67,0.0,basic04,basic01
74,75,0,466.47230320699714,24.0,1500.0,625.0,375.0,3259.2592592592587,3555.5555555555557,3259.2592592592587,3555.5555555555557,74.07407407407409,333.3333333333333,148.14814814814818,4,35.11904761904761,63.142857142857146,100.0,306.66666666666663,50.0,71.04761904761905,1036.336769051055,235.6190476190476,1036.3652436273262,80.0,6.0,basic04,end
75,76,0,769.6793002915452,224.0,2250.0,875.0,125.0,2962.962962962963,1481.4814814814815,2666.6666666666665,592.5925925925927,481.4814814814815,962.962962962963,37.037037037037045,1,59.34920634920635,150.28571428571428,130.0,173.33333333333334,133.33333333333334,137.87301587301587,671.1607744107745,35.46031746031747,671.1776238357544,94.29,3.33,mid,quiz03
76,77,0,653.061224489796,136.0,625.0,1500.0,250.0,888.8888888888889,592.5925925925927,3851.851851851852,592.5925925925927,518.5185185185185,592.5925925925927,444.44444444444446,2,46.0,114.0,95.0,133.33333333333334,140.0,116.33333333333333,814.877946127946,17.000000000000014,814.8996852583807,86.67,10.0,basic03,basic03
77,78,0,163.265306122449,120.0,1000.0,2375.0,500.0,2370.370370370371,0.0,2666.6666666666665,592.5925925925927,111.11111111111111,703.7037037037038,740.7407407407408,0,35.833333333333336,50.0,155.0,126.66666666666667,140.0,115.0,462.1795506081221,11.666666666666671,462.2074575848663,95.0,0.0,basic02,basic02
78,79,0,676.3848396501459,144.0,1500.0,1250.0,1750.0,1481.4814814814815,1481.4814814814815,1185.1851851851854,1777.7777777777778,407.40740740740733,777.7777777777778,1000.0,7,57.60317460317461,118.85714285714286,180.0,133.33333333333334,196.66666666666666,165.17460317460316,495.8047138047138,-31.84126984126982,495.8220739590263,90.0,26.67,quiz03,basic03
79,80,0,326.530612244898,88.0,875.0,625.0,2000.0,3555.5555555555557,1185.1851851851854,1777.7777777777778,1185.1851851851854,888.8888888888889,444.44444444444446,481.4814814814815,3,39.27777777777778,62.0,140.0,173.33333333333334,163.33333333333334,121.77777777777779,941.0824400467255,51.55555555555556,941.1078997355515,80.0,22.0,quiz01,end
80,81,0,699.7084548104956,336.0,250.0,375.0,2000.0,0.0,2074.074074074074,2370.370370370371,2074.074074074074,407.40740740740733,37.037037037037045,518.5185185185185,4,59.48412698412698,169.71428571428572,105.0,146.66666666666666,86.66666666666666,120.46031746031747,606.8848175633889,26.206349206349188,606.9016287708605,85.71,0.0,mid,basic01
81,82,0,629.7376093294461,72.0,375.0,1750.0,1250.0,1777.7777777777778,3555.5555555555557,3259.2592592592587,2666.6666666666665,370.3703703703704,703.7037037037038,1000.0,7,49.84126984126984,95.14285714285714,135.0,253.33333333333331,186.66666666666669,138.93650793650795,498.09790077647233,114.39682539682536,498.1179644707398,90.0,15.0,quiz03,basic01
82,83,0,303.2069970845481,280.0,1500.0,625.0,1500.0,1777.7777777777778,1777.7777777777778,296.29629629629636,3851.851851851852,518.5185185185185,407.40740740740733,222.22222222222223,6,49.06349206349206,107.14285714285714,145.0,173.33333333333334,103.33333333333333,118.4920634920635,870.2718339861198,54.84126984126985,870.2922157395976,86.67,6.67,basic04,basic03
83,84,0,443.14868804664724,352.0,875.0,375.0,500.0,2666.6666666666665,592.5925925925927,3259.2592592592587,592.5925925925927,962.962962962963,777.7777777777778,222.22222222222223,6,52.460317460317455,142.28571428571428,70.0,160.0,176.66666666666669,129.65079365079364,625.4697313268741,30.349206349206355,625.4887933541056,88.0,13.33,end,basic04
84,85,0,256.55976676384836,272.0,875.0,0.0,1375.0,0.0,3259.2592592592587,296.29629629629636,2074.074074074074,296.29629629629636,629.6296296296296,407.40740740740733,1,41.023809523809526,99.42857142857143,90.0,126.66666666666666,120.0,103.14285714285715,1143.5476534047962,23.523809523809504,1143.5720294930145,73.33,0.0,basic02,basic01
85,86,0,559.7667638483964,376.0,2375.0,500.0,1125.0,3851.851851851852,4148.148148148148,1777.7777777777778,296.29629629629636,222.22222222222223,592.5925925925927,148.14814814814818,4,65.1984126984127,162.57142857142856,160.0,226.66666666666666,86.66666666666667,136.4126984126984,1009.7062289562286,90.25396825396825,1009.721566752942,95.0,6.67,basic01,basic04
86,87,0,0.0,392.0,1500.0,750.0,375.0,0.0,1481.4814814814815,0.0,592.5925925925927,407.40740740740733,629.6296296296296,814.8148148148147,2,41.72222222222222,98.0,105.0,46.66666666666667,166.66666666666666,123.22222222222221,589.7410155981586,-76.55555555555554,589.7649836407685,98.0,0.0,end,basic03
87,88,0,583.0903790087464,352.0,1250.0,1375.0,1375.0,2370.370370370371,296.29629629629636,1481.4814814814815,2666.6666666666665,333.3333333333333,296.29629629629636,962.962962962963,6,64.46825396825398,159.42857142857144,160.0,153.33333333333334,143.33333333333334,154.25396825396828,972.6097024668455,-0.9206349206349387,972.6252139773712,88.0,6.67,end,basic02
88,89,0,559.7667638483964,376.0,1500.0,875.0,875.0,0.0,296.29629629629636,3851.851851851852,2962.962962962963,222.22222222222223,740.7407407407408,851.851851851852,3,63.08730158730158,162.57142857142856,130.0,160.0,163.33333333333334,151.96825396825398,1157.9395313681027,8.031746031746025,1157.9553824185493,94.0,0.0,end,basic01
89,90,0,513.1195335276967,176.0,750.0,2375.0,375.0,1777.7777777777778,0.0,3555.5555555555557,3851.851851851852,222.22222222222223,1000.0,111.11111111111111,3,49.88095238095238,106.85714285714286,140.0,206.66666666666669,120.0,122.28571428571429,390.97237682951976,84.3809523809524,390.9924245622167,95.0,0.0,basic02,basic02
90,91,0,419.82507288629745,32.0,1375.0,1250.0,875.0,888.8888888888889,296.29629629629636,888.8888888888889,2666.6666666666665,407.40740740740733,592.5925925925927,148.14814814814818,4,34.96825396825397,59.42857142857143,140.0,106.66666666666667,103.33333333333333,100.92063492063492,464.7285095856525,5.746031746031747,464.757106952879,60.0,6.67,basic04,basic02
91,92,0,746.3556851311954,136.0,1375.0,1500.0,375.0,2962.962962962963,2962.962962962963,2666.6666666666665,1777.7777777777778,777.7777777777778,777.7777777777778,962.962962962963,6,57.746031746031754,125.42857142857143,130.0,233.33333333333334,226.66666666666669,160.6984126984127,1005.898766577338,72.63492063492063,1005.9160837845948,91.43,15.0,mid,basic03
92,93,0,629.7376093294461,288.0,250.0,1875.0,2000.0,3555.5555555555557,888.8888888888889,592.5925925925927,2074.074074074074,592.5925925925927,0.0,148.14814814814818,4,60.007936507936506,149.14285714285714,165.0,160.0,66.66666666666667,126.93650793650794,1052.586047550333,33.06349206349206,1052.6027120127058,80.0,0.0,basic01,quiz02
93,94,0,46.64723032069971,328.0,2000.0,125.0,1000.0,1481.4814814814815,296.29629629629636,3555.5555555555557,1185.1851851851854,333.3333333333333,370.3703703703704,1037.037037037037,8,43.317460317460316,87.71428571428571,125.0,146.66666666666666,156.66666666666666,123.12698412698414,1093.4970624613484,23.539682539682516,1093.5201478406082,93.33,5.0,quiz03,basic02
94,95,0,209.91253644314872,304.0,2125.0,1375.0,2125.0,2074.074074074074,296.29629629629636,0.0,2370.370370370371,1074.0740740740744,259.25925925925924,925.9259259259256,5,57.37301587301587,101.71428571428572,225.0,106.66666666666666,203.33333333333331,176.68253968253967,1163.4807084449947,-70.01587301587301,1163.498138241647,96.67,0.0,quiz01,basic03
95,96,0,769.6793002915452,72.0,875.0,750.0,0.0,3851.851851851852,1481.4814814814815,2074.074074074074,3851.851851851852,37.037037037037045,37.037037037037045,703.7037037037038,9,43.23809523809524,112.28571428571429,65.0,253.33333333333331,70.0,82.42857142857143,522.4537037037038,170.90476190476187,522.4768314570077,94.29,0.0,mid,basic03
96,97,0,0.0,280.0,250.0,750.0,375.0,888.8888888888889,0.0,2666.6666666666665,1777.7777777777778,259.25925925925924,481.4814814814815,74.07407407407409,2,28.444444444444446,70.0,55.0,120.0,73.33333333333334,66.11111111111111,781.934498041641,53.888888888888886,781.969654291641,70.0,0.0,end,basic02
97,98,0,93.29446064139943,144.0,500.0,125.0,500.0,1185.1851851851854,3259.2592592592587,3555.5555555555557,3851.851851851852,666.6666666666666,444.44444444444446,259.25925925925924,7,27.134920634920636,47.42857142857143,45.0,266.6666666666667,123.33333333333333,71.92063492063492,901.5243592386449,194.74603174603175,901.5612121196043,86.67,5.0,basic04,basic02
98,99,0,46.64723032069971,16.0,0.0,1250.0,2250.0,3259.2592592592587,1185.1851851851854,1185.1851851851854,3259.2592592592587,666.6666666666666,555.5555555555554,629.6296296296296,7,26.984126984126988,9.714285714285715,140.0,200.0,166.66666666666666,105.46031746031747,744.6855631141347,94.53968253968253,744.722621937664,90.0,0.0,basic03,basic01
99,100,0,676.3848396501459,16.0,1625.0,375.0,1750.0,2074.074074074074,1777.7777777777778,2666.6666666666665,2666.6666666666665,74.07407407407409,666.6666666666666,148.14814814814818,4,44.547619047619044,86.85714285714286,150.0,206.66666666666666,80.0,105.61904761904763,1207.6307290593006,101.04761904761902,1207.65317694813,82.86,4.0,mid,end
100,101,0,793.002915451895,320.0,375.0,1875.0,1000.0,296.29629629629636,1185.1851851851854,0.0,3555.5555555555557,518.5185185185185,1074.0740740740744,740.7407407407408,0,67.11904761904762,177.14285714285714,130.0,113.33333333333334,210.0,172.38095238095238,480.949271627843,-59.04761904761904,480.9641705281623,97.14,0.0,mid,basic03
101,102,0,186.58892128279885,272.0,750.0,1250.0,1125.0,296.29629629629636,1777.7777777777778,1481.4814814814815,296.29629629629636,185.1851851851852,703.7037037037038,740.7407407407408,0,42.26984126984127,90.85714285714286,125.0,86.66666666666667,146.66666666666669,120.84126984126983,671.9473648045076,-34.17460317460316,671.9710223336101,68.0,6.67,end,basic04
102,103,0,256.55976676384836,120.0,1250.0,125.0,625.0,0.0,3851.851851851852,2666.6666666666665,2962.962962962963,740.7407407407408,481.4814814814815,592.5925925925927,6,34.13492063492064,61.42857142857143,80.0,213.33333333333337,163.33333333333334,101.58730158730161,917.3658352229781,111.74603174603176,917.3951307356497,86.67,0.0,basic02,basic01
103,104,0,93.29446064139943,80.0,1625.0,0.0,2375.0,296.29629629629636,0.0,296.29629629629636,1185.1851851851854,629.6296296296296,37.037037037037045,259.25925925925924,7,27.634920634920636,31.42857142857143,160.0,40.0,83.33333333333333,91.58730158730158,790.9342403628118,-51.58730158730158,790.9704264627544,95.0,0.0,basic03,basic02
104,105,0,513.1195335276967,312.0,625.0,875.0,1500.0,2666.6666666666665,1185.1851851851854,3259.2592592592587,3851.851851851852,74.07407407407409,888.8888888888889,1074.0740740740744,9,59.492063492063494,140.85714285714286,120.0,246.66666666666669,183.33333333333334,148.06349206349208,1116.9323163608876,98.60317460317461,1116.9491253256688,96.67,6.67,quiz03,quiz01
105,106,0,676.3848396501459,328.0,250.0,1250.0,1500.0,3259.2592592592587,3851.851851851852,592.5925925925927,0.0,111.11111111111111,888.8888888888889,370.3703703703704,0,61.658730158730165,164.85714285714286,120.0,173.33333333333334,123.33333333333334,136.06349206349208,521.7655466226895,37.269841269841265,521.7817649262034,86.67,0.0,basic02,basic04
106,107,0,723.0320699708454,344.0,2250.0,2125.0,1125.0,4148.148148148148,1777.7777777777778,1481.4814814814815,3851.851851851852,481.4814814814815,740.7407407407408,888.8888888888889,4,78.3095238095238,174.57142857142856,220.0,253.33333333333331,190.0,194.85714285714286,626.7828626400056,58.47619047619045,626.7956324788624,93.33,33.33,basic01,basic03
107,108,0,396.5014577259475,288.0,0.0,2250.0,750.0,2666.6666666666665,2370.370370370371,2666.6666666666665,1185.1851851851854,407.40740740740733,888.8888888888889,666.6666666666666,8,53.031746031746025,120.57142857142857,120.0,200.0,176.66666666666666,139.07936507936506,425.9338108980966,60.92063492063494,425.9526675278482,90.0,0.0,basic02,basic01
108,109,0,769.6793002915452,312.0,750.0,875.0,1250.0,1185.1851851851854,1481.4814814814815,2962.962962962963,2370.370370370371,740.7407407407408,592.5925925925927,518.5185185185185,4,64.62698412698413,172.28571428571428,115.0,180.0,166.66666666666666,151.31746031746033,791.5923864495294,28.68253968253967,791.6078598622765,94.29,26.67,mid,basic01
109,110,0,419.82507288629745,16.0,1750.0,1250.0,500.0,2666.6666666666665,592.5925925925927,3555.5555555555557,3851.851851851852,259.25925925925924,555.5555555555554,888.8888888888889,4,38.968253968253975,55.42857142857143,140.0,240.0,153.33333333333331,116.25396825396825,1013.6329966329968,123.74603174603175,1013.6586585474571,86.67,4.0,basic04,end
110,111,0,163.265306122449,88.0,125.0,2250.0,1875.0,1777.7777777777778,592.5925925925927,2962.962962962963,4148.148148148148,666.6666666666666,407.40740740740733,962.962962962963,6,38.94444444444444,42.0,170.0,213.33333333333331,183.33333333333331,131.77777777777777,1017.5244107744111,81.55555555555554,1017.5500883778348,93.33,5.0,basic04,basic01
111,112,0,163.265306122449,256.0,2125.0,625.0,375.0,296.29629629629636,3259.2592592592587,3851.851851851852,592.5925925925927,592.5925925925927,148.14814814814818,888.8888888888889,4,42.88888888888889,84.0,125.0,180.00000000000003,146.66666666666669,118.55555555555556,1112.9608156393872,61.44444444444447,1112.9841317015635,86.67,6.67,basic03,basic01
112,113,0,513.1195335276967,240.0,875.0,2250.0,0.0,3851.851851851852,592.5925925925927,3259.2592592592587,3851.851851851852,1037.037037037037,444.44444444444446,148.14814814814818,4,54.6031746031746,122.85714285714286,125.0,260.0,146.66666666666666,131.5079365079365,1271.0522057307771,128.4920634920635,1271.0705196842655,93.33,0.0,quiz01,basic03
113,114,0,139.9416909620991,304.0,1750.0,1000.0,125.0,0.0,3851.851851851852,3555.5555555555557,2074.074074074074,1074.0740740740744,1074.0740740740744,259.25925925925924,7,47.34126984126984,93.14285714285714,115.0,213.33333333333334,216.66666666666669,141.6031746031746,914.7216896859758,71.73015873015873,914.742812904752,96.67,0.0,quiz02,basic01
114,115,0,769.6793002915452,152.0,2250.0,625.0,500.0,0.0,1481.4814814814815,0.0,1777.7777777777778,148.14814814814818,259.25925925925924,259.25925925925924,7,50.404761904761905,132.28571428571428,135.0,73.33333333333334,60.0,109.09523809523809,561.2782759568473,-35.761904761904745,561.2981153522181,94.29,0.0,mid,basic03
115,116,0,676.3848396501459,56.0,875.0,750.0,500.0,1777.7777777777778,592.5925925925927,2370.370370370371,2074.074074074074,962.962962962963,370.3703703703704,444.44444444444446,2,41.88095238095239,96.85714285714286,85.0,153.33333333333334,160.0,113.95238095238096,1053.0148251219678,39.38095238095238,1053.038702324924,86.67,13.33,quiz01,basic02
116,117,0,69.97084548104955,208.0,500.0,500.0,625.0,4148.148148148148,4148.148148148148,3851.851851851852,1481.4814814814815,296.29629629629636,962.962962962963,703.7037037037038,9,35.198412698412696,60.57142857142857,65.0,306.66666666666663,176.66666666666669,100.74603174603175,873.419140383426,205.92063492063488,873.4475507554666,93.33,8.57,basic02,mid
117,118,0,536.4431486880466,40.0,2000.0,2000.0,1125.0,3259.2592592592587,1481.4814814814815,1481.4814814814815,592.5925925925927,1037.037037037037,481.4814814814815,111.11111111111111,3,48.15079365079365,75.71428571428571,205.0,153.33333333333334,146.66666666666666,142.46031746031747,926.4875111660828,10.873015873015873,926.5082792557481,93.33,10.0,quiz01,quiz03
118,119,0,793.002915451895,64.0,125.0,1500.0,2000.0,3851.851851851852,1777.7777777777778,1777.7777777777778,1481.4814814814815,1037.037037037037,518.5185185185185,407.40740740740733,1,53.67460317460318,113.14285714285714,145.0,200.00000000000003,176.66666666666666,144.93650793650792,807.037913145056,55.063492063492106,807.0565439302105,97.14,5.0,mid,basic01
119,120,0,723.0320699708454,24.0,750.0,1625.0,1000.0,2962.962962962963,4148.148148148148,2962.962962962963,3259.2592592592587,629.6296296296296,1037.037037037037,259.25925925925924,7,50.42063492063492,94.57142857142857,135.0,300.0,173.33333333333334,134.30158730158732,324.54208754208753,165.69841269841268,324.5619206917806,93.33,6.0,quiz02,end
120,121,0,653.061224489796,312.0,1500.0,1625.0,1625.0,1777.7777777777778,1481.4814814814815,1777.7777777777778,2962.962962962963,259.25925925925924,629.6296296296296,481.4814814814815,3,67.11111111111111,158.0,190.0,180.0,123.33333333333334,157.11111111111111,1085.0976430976427,22.888888888888886,1085.1125437598944,80.0,23.33,mid,quiz01
121,122,0,653.061224489796,392.0,2000.0,1625.0,1875.0,2962.962962962963,0.0,888.8888888888889,1185.1851851851854,444.44444444444446,703.7037037037038,0.0,0,72.77777777777777,178.0,220.0,113.33333333333334,103.33333333333334,167.11111111111111,859.1348175633889,-53.77777777777777,859.1485580214041,98.0,0.0,end,quiz03
122,123,0,466.47230320699714,136.0,750.0,875.0,2375.0,1481.4814814814815,592.5925925925927,888.8888888888889,2666.6666666666665,1037.037037037037,1000.0,333.3333333333333,9,49.06349206349206,91.14285714285714,160.0,126.66666666666667,213.33333333333331,154.82539682539684,790.1192022263451,-28.158730158730165,790.139583979823,95.0,13.33,basic03,basic02
123,124,0,723.0320699708454,288.0,1000.0,625.0,2250.0,1481.4814814814815,2370.370370370371,296.29629629629636,2074.074074074074,296.29629629629636,703.7037037037038,1000.0,7,65.14285714285714,160.57142857142856,155.0,140.0,180.0,165.19047619047618,592.1964371607229,-25.190476190476176,592.2117880379159,90.0,6.67,quiz03,basic03
124,125,0,279.8833819241982,208.0,1875.0,1875.0,1125.0,3851.851851851852,592.5925925925927,1777.7777777777778,1185.1851851851854,111.11111111111111,333.3333333333333,518.5185185185185,4,48.12698412698412,86.28571428571428,195.0,166.66666666666666,86.66666666666666,122.65079365079366,605.4947261732976,44.015873015873,605.5155045374137,86.67,10.0,basic01,quiz01
125,126,0,629.7376093294461,32.0,250.0,750.0,375.0,592.5925925925927,1481.4814814814815,0.0,2074.074074074074,777.7777777777778,407.40740740740733,518.5185185185185,4,34.23015873015873,85.14285714285714,55.0,93.33333333333334,153.33333333333331,97.82539682539682,526.9252216037931,-4.49206349206348,526.9544356079666,77.14,0.0,mid,basic03
126,127,0,349.8542274052478,344.0,2125.0,2125.0,2375.0,1481.4814814814815,2074.074074074074,1777.7777777777778,3555.5555555555557,1000.0,962.962962962963,925.9259259259256,5,72.38095238095238,128.85714285714286,265.0,200.0,260.0,217.95238095238096,1229.525802240088,-17.952380952380963,1229.5396180295618,95.0,33.33,basic03,basic01
127,128,0,536.4431486880466,56.0,2000.0,125.0,2375.0,1185.1851851851854,3851.851851851852,3851.851851851852,888.8888888888889,222.22222222222223,1074.0740740740744,555.5555555555554,5,48.98412698412699,79.71428571428571,180.0,220.0,166.66666666666669,142.12698412698413,789.070707070707,77.87301587301587,789.0911218471166,96.67,5.0,quiz02,basic02
128,129,0,489.79591836734687,48.0,625.0,2000.0,2125.0,592.5925925925927,2370.370370370371,2962.962962962963,3259.2592592592587,407.40740740740733,481.4814814814815,37.037037037037045,1,44.94444444444445,72.0,190.0,206.66666666666669,83.33333333333333,115.1111111111111,428.57239057239053,91.55555555555559,428.59464026336707,85.0,3.33,basic03,quiz03
129,130,0,326.530612244898,104.0,1375.0,1875.0,1500.0,888.8888888888889,2370.370370370371,2074.074074074074,1481.4814814814815,666.6666666666666,370.3703703703704,0.0,0,42.44444444444445,66.0,190.0,153.33333333333334,93.33333333333334,116.44444444444446,881.2289562289562,36.888888888888886,881.2525164383803,75.0,0.0,basic02,quiz03
130,131,0,0.0,40.0,1250.0,1625.0,625.0,3555.5555555555557,3555.5555555555557,1481.4814814814815,2666.6666666666665,814.8148148148147,444.44444444444446,0.0,0,26.611111111111114,10.0,140.0,253.33333333333334,113.33333333333333,87.77777777777777,585.6039304610734,165.55555555555557,585.6415087491737,80.0,0.0,basic02,quiz03
131,132,0,559.7667638483964,176.0,1625.0,1875.0,1500.0,3851.851851851852,1185.1851851851854,1481.4814814814815,296.29629629629636,333.3333333333333,851.851851851852,592.5925925925927,6,57.30952380952381,112.57142857142857,200.0,153.33333333333334,160.0,157.52380952380952,738.2794612794613,-4.190476190476176,738.2969103862332,86.67,6.67,basic01,basic04
132,133,0,489.79591836734687,88.0,2125.0,250.0,1125.0,2962.962962962963,592.5925925925927,2962.962962962963,592.5925925925927,407.40740740740733,740.7407407407408,111.11111111111111,3,42.27777777777778,82.0,140.0,160.00000000000003,113.33333333333334,111.77777777777779,608.6154744726173,48.22222222222224,608.6391275606593,85.0,10.0,basic01,quiz03
133,134,0,583.0903790087464,248.0,875.0,1750.0,875.0,4148.148148148148,1777.7777777777778,1481.4814814814815,1481.4814814814815,481.4814814814815,333.3333333333333,0.0,0,54.801587301587304,133.42857142857144,140.0,200.0,73.33333333333334,115.58730158730161,854.245447674019,84.41269841269839,854.2636953206519,93.33,0.0,basic01,quiz03
134,135,0,186.58892128279885,304.0,500.0,1625.0,625.0,4148.148148148148,1777.7777777777778,1777.7777777777778,3555.5555555555557,37.037037037037045,185.1851851851852,259.25925925925924,7,43.492063492063494,98.85714285714286,110.0,253.33333333333331,43.33333333333333,84.06349206349206,1059.4436026936028,169.26984126984127,1059.4665953943327,93.33,3.33,basic01,quiz01
135,136,0,653.061224489796,136.0,750.0,0.0,375.0,2074.074074074074,4148.148148148148,1777.7777777777778,3555.5555555555557,0.0,888.8888888888889,296.29629629629636,8,43.05555555555556,114.0,45.0,260.0,106.66666666666667,88.55555555555556,963.5998763141619,171.44444444444446,963.6231021206135,93.33,0.0,basic02,quiz01
136,137,0,769.6793002915452,256.0,125.0,1000.0,125.0,0.0,1185.1851851851854,296.29629629629636,296.29629629629636,74.07407407407409,629.6296296296296,629.6296296296296,7,49.57142857142857,158.28571428571428,50.0,40.0,120.0,109.42857142857143,855.6986703772417,-69.42857142857143,855.7188432879045,94.29,0.0,mid,basic01
137,138,0,186.58892128279885,56.0,1000.0,2375.0,0.0,3259.2592592592587,2074.074074074074,3259.2592592592587,3851.851851851852,629.6296296296296,444.44444444444446,703.7037037037038,9,35.04761904761905,36.85714285714286,135.0,280.0,160.0,110.61904761904763,775.5701745344603,169.38095238095235,775.5987071431559,95.0,0.0,basic02,basic03
138,139,0,443.14868804664724,56.0,1625.0,0.0,750.0,3555.5555555555557,3259.2592592592587,2962.962962962963,4148.148148148148,370.3703703703704,592.5925925925927,740.7407407407408,0,39.51587301587302,68.28571428571428,95.0,313.3333333333333,153.33333333333334,105.53968253968253,555.6936026936028,207.79365079365078,555.7189089800056,93.33,0.0,basic04,basic02
139,140,0,163.265306122449,304.0,1875.0,1500.0,1625.0,2666.6666666666665,1777.7777777777778,1185.1851851851854,1185.1851851851854,888.8888888888889,1037.037037037037,629.6296296296296,7,55.5,96.0,200.0,153.33333333333334,229.99999999999997,175.33333333333334,478.3056929842643,-22.0,478.3237110022823,93.33,20.0,quiz02,mid
140,141,0,303.2069970845481,136.0,1375.0,875.0,1125.0,4148.148148148148,2370.370370370371,3259.2592592592587,296.29629629629636,518.5185185185185,370.3703703703704,407.40740740740733,1,40.841269841269835,71.14285714285714,135.0,226.66666666666666,116.66666666666666,107.6031746031746,634.2475091046518,119.06349206349206,634.2719941415737,93.33,6.67,basic01,basic04
141,142,0,583.0903790087464,256.0,2250.0,2250.0,1250.0,3851.851851851852,2666.6666666666665,2074.074074074074,3851.851851851852,222.22222222222223,222.22222222222223,851.851851851852,3,67.74603174603175,135.42857142857144,230.0,280.0,116.66666666666667,160.6984126984127,458.42401910259053,119.30158730158729,458.4387801147742,90.0,20.0,basic02,quiz02
142,143,0,349.8542274052478,88.0,250.0,125.0,500.0,888.8888888888889,592.5925925925927,2370.370370370371,3555.5555555555557,296.29629629629636,444.44444444444446,481.4814814814815,3,27.54761904761905,64.85714285714286,35.0,166.66666666666669,110.0,69.95238095238095,699.7474747474748,96.71428571428574,699.7837755253487,80.0,5.0,basic04,basic02
143,144,0,163.265306122449,160.0,375.0,1750.0,625.0,1185.1851851851854,2962.962962962963,1185.1851851851854,888.8888888888889,592.5925925925927,777.7777777777778,1074.0740740740744,9,36.833333333333336,60.0,110.0,140.0,220.0,130.0,735.9027520098948,10.0,735.9299013311618,96.67,15.0,quiz03,basic01
144,145,0,256.55976676384836,104.0,875.0,1500.0,2000.0,2962.962962962963,3259.2592592592587,2962.962962962963,2962.962962962963,0.0,592.5925925925927,37.037037037037045,1,40.579365079365076,57.42857142857143,175.0,273.33333333333337,56.66666666666667,96.36507936507938,818.8259465402325,176.96825396825398,818.8505896069253,80.0,0.0,basic03,quiz01
145,146,0,699.7084548104956,24.0,125.0,2000.0,625.0,2962.962962962963,1777.7777777777778,0.0,1777.7777777777778,370.3703703703704,296.29629629629636,222.22222222222223,6,40.26190476190476,91.71428571428571,110.0,146.66666666666669,80.0,93.90476190476191,649.3450663093519,52.76190476190477,649.3699036836866,85.71,0.0,mid,basic03
146,147,0,209.91253644314872,40.0,500.0,1375.0,1750.0,2962.962962962963,3555.5555555555557,2370.370370370371,1481.4814814814815,148.14814814814818,407.40740740740733,888.8888888888889,4,33.5952380952381,35.714285714285715,145.0,233.33333333333337,130.0,103.57142857142857,582.06734006734,129.76190476190482,582.0971061906567,80.0,10.0,quiz03,end
147,148,0,163.265306122449,248.0,1125.0,1250.0,125.0,296.29629629629636,3555.5555555555557,2370.370370370371,2074.074074074074,814.8148148148147,666.6666666666666,407.40740740740733,1,40.83333333333333,82.0,100.0,186.66666666666666,169.99999999999997,117.33333333333333,821.6419123204837,69.33333333333333,821.6664021164021,80.0,5.0,basic02,basic03
148,149,0,629.7376093294461,392.0,1500.0,875.0,2250.0,1185.1851851851854,2962.962962962963,1185.1851851851854,1777.7777777777778,74.07407407407409,740.7407407407408,888.8888888888889,4,71.39682539682539,175.14285714285714,185.0,160.0,153.33333333333334,171.15873015873015,771.9696969696968,-11.158730158730151,771.9837031946856,98.0,6.67,end,quiz01
149,150,0,653.061224489796,320.0,1250.0,250.0,0.0,2666.6666666666665,888.8888888888889,1777.7777777777778,1481.4814814814815,259.25925925925924,370.3703703703704,888.8888888888889,4,54.38888888888889,160.0,60.0,153.33333333333334,136.66666666666669,118.8888888888889,761.498591355734,34.44444444444444,761.5169774640077,80.0,0.0,quiz03,basic03
150,151,0,746.3556851311954,144.0,1875.0,625.0,750.0,3259.2592592592587,2666.6666666666665,1481.4814814814815,2370.370370370371,111.11111111111111,148.14814814814818,111.11111111111111,3,51.468253968253975,127.42857142857143,130.0,220.0,33.333333333333336,96.92063492063492,670.5434446505875,123.07936507936508,670.5628741031704,91.43,10.0,mid,quiz03
151,152,0,583.0903790087464,280.0,1250.0,500.0,625.0,2666.6666666666665,2666.6666666666665,4148.148148148148,3259.2592592592587,888.8888888888889,888.8888888888889,148.14814814814818,4,57.801587301587304,141.42857142857144,95.0,286.66666666666663,173.33333333333334,136.5873015873016,715.4040404040404,150.07936507936503,715.4213409669952,93.33,13.33,basic03,quiz03
152,153,0,653.061224489796,120.0,2000.0,500.0,2250.0,3555.5555555555557,4148.148148148148,2074.074074074074,2666.6666666666665,222.22222222222223,518.5185185185185,481.4814814814815,3,57.166666666666664,110.0,190.0,280.0,110.0,136.66666666666666,945.6668040953756,143.33333333333334,945.6842968067458,93.33,20.0,basic02,quiz01
153,154,0,676.3848396501459,176.0,500.0,375.0,1125.0,2074.074074074074,3851.851851851852,0.0,0.0,148.14814814814818,370.3703703703704,851.851851851852,3,47.158730158730165,126.85714285714286,80.0,133.33333333333334,123.33333333333334,110.06349206349206,795.8548065690921,23.26984126984128,795.8760115505798,86.67,0.0,basic02,basic04
154,155,0,373.1778425655977,0.0,2000.0,1250.0,1750.0,3259.2592592592587,3259.2592592592587,592.5925925925927,888.8888888888889,555.5555555555554,1000.0,629.6296296296296,7,42.48412698412699,45.714285714285715,200.0,180.0,196.66666666666666,147.46031746031747,746.2145949288806,32.53968253968253,746.2381331317575,90.0,0.0,quiz02,end
155,156,0,46.64723032069971,152.0,1750.0,1875.0,1875.0,2370.370370370371,3851.851851851852,1185.1851851851854,592.5925925925927,629.6296296296296,444.44444444444446,925.9259259259256,5,43.42857142857143,43.714285714285715,220.0,180.0,180.0,147.9047619047619,847.3046622689479,32.0952380952381,847.3276885847374,86.67,5.71,basic02,mid
156,157,0,46.64723032069971,328.0,1375.0,375.0,1125.0,888.8888888888889,3555.5555555555557,3259.2592592592587,1481.4814814814815,777.7777777777778,296.29629629629636,37.037037037037045,1,41.92857142857143,87.71428571428571,115.0,206.66666666666666,100.0,100.90476190476191,638.6300247371676,105.76190476190474,638.6538748223464,82.0,3.33,end,quiz03
157,158,0,559.7667638483964,96.0,625.0,2000.0,500.0,3555.5555555555557,2074.074074074074,592.5925925925927,2074.074074074074,518.5185185185185,370.3703703703704,925.9259259259256,5,45.753968253968246,92.57142857142857,125.0,186.66666666666666,163.33333333333331,126.96825396825396,917.2345220916649,59.698412698412696,917.2563781194185,83.33,13.33,quiz03,basic03
158,159,0,256.55976676384836,16.0,125.0,250.0,1375.0,2370.370370370371,2074.074074074074,0.0,2370.370370370371,925.9259259259256,888.8888888888889,74.07407407407409,2,25.357142857142854,35.42857142857143,70.0,153.33333333333334,169.99999999999997,91.8095238095238,723.4638047138046,61.52380952380955,723.503241333523,83.33,0.0,quiz01,basic03
159,160,0,326.530612244898,320.0,625.0,875.0,1625.0,3259.2592592592587,2074.074074074074,3851.851851851852,3851.851851851852,0.0,629.6296296296296,407.40740740740733,1,52.94444444444445,120.0,125.0,293.33333333333337,93.33333333333333,112.77777777777777,453.4907579193293,180.5555555555556,453.5096456423094,86.67,0.0,basic04,quiz01
160,161,0,793.002915451895,192.0,750.0,1750.0,1500.0,2666.6666666666665,1777.7777777777778,3851.851851851852,3259.2592592592587,814.8148148148147,592.5925925925927,1074.0740740740744,9,66.23015873015873,145.14285714285714,160.0,260.0,223.33333333333331,176.15873015873012,646.9009826152683,83.84126984126988,646.916081476862,97.14,30.0,mid,basic01
161,162,0,606.4139941690962,80.0,750.0,1875.0,1375.0,2666.6666666666665,592.5925925925927,3851.851851851852,1481.4814814814815,185.1851851851852,777.7777777777778,592.5925925925927,6,49.07142857142857,94.28571428571429,160.0,193.33333333333334,140.0,131.42857142857142,750.355596784168,61.904761904761926,750.3759752412277,86.67,13.33,basic03,basic02
162,163,0,466.47230320699714,280.0,1875.0,375.0,2000.0,3259.2592592592587,1481.4814814814815,296.29629629629636,2666.6666666666665,629.6296296296296,37.037037037037045,629.6296296296296,7,57.007936507936506,127.14285714285714,170.0,173.33333333333331,116.66666666666666,137.93650793650792,642.0799147942005,35.39682539682539,642.0974562114357,80.0,3.33,basic03,quiz02
163,164,0,699.7084548104956,64.0,500.0,1875.0,875.0,1185.1851851851854,3555.5555555555557,1185.1851851851854,3259.2592592592587,703.7037037037038,518.5185185185185,407.40740740740733,1,48.48412698412699,101.71428571428571,130.0,206.66666666666669,146.66666666666666,126.12698412698414,533.1603621246479,80.53968253968254,533.1809874315721,85.71,16.0,mid,end
164,165,0,116.61807580174928,144.0,500.0,1750.0,875.0,2666.6666666666665,2666.6666666666665,2074.074074074074,3259.2592592592587,259.25925925925924,962.962962962963,407.40740740740733,1,35.960317460317455,50.285714285714285,125.0,240.0,146.66666666666666,107.31746031746032,566.094190201333,132.6825396825397,566.121998632143,86.67,14.29,quiz02,mid
165,166,0,559.7667638483964,40.0,1000.0,1125.0,1500.0,1777.7777777777778,2962.962962962963,1481.4814814814815,296.29629629629636,740.7407407407408,37.037037037037045,296.29629629629636,8,41.031746031746025,78.57142857142857,145.0,146.66666666666666,96.66666666666667,106.74603174603175,830.9562289562289,39.92063492063491,830.9806003295364,68.57,3.33,mid,quiz02
166,167,0,653.061224489796,112.0,1625.0,625.0,250.0,592.5925925925927,592.5925925925927,3555.5555555555557,3851.851851851852,481.4814814814815,777.7777777777778,444.44444444444446,2,46.94444444444445,108.0,100.0,193.33333333333334,153.33333333333334,120.44444444444446,437.7754414897271,72.88888888888889,437.79674326487503,86.67,10.0,basic04,basic03
167,168,0,279.8833819241982,152.0,875.0,625.0,1500.0,296.29629629629636,1185.1851851851854,3259.2592592592587,592.5925925925927,481.4814814814815,444.44444444444446,0.0,0,35.84920634920635,72.28571428571428,120.0,119.99999999999999,83.33333333333334,91.87301587301586,1121.4543221328938,28.126984126984127,1121.482216753217,73.33,0.0,basic03,quiz03
168,169,0,676.3848396501459,328.0,750.0,2125.0,1250.0,888.8888888888889,296.29629629629636,0.0,296.29629629629636,851.851851851852,370.3703703703704,111.11111111111111,3,62.54761904761905,164.85714285714286,165.0,33.333333333333336,120.0,149.95238095238096,1013.7019171304885,-116.61904761904762,1013.7179049492933,85.0,0.0,basic02,basic03
169,170,0,793.002915451895,96.0,1500.0,500.0,500.0,3259.2592592592587,1185.1851851851854,888.8888888888889,4148.148148148148,518.5185185185185,37.037037037037045,185.1851851851852,5,47.84126984126984,121.14285714285714,100.0,213.33333333333331,66.66666666666667,95.93650793650794,789.3737373737374,117.39682539682538,789.3946398289464,97.14,3.33,mid,quiz02
170,171,0,653.061224489796,312.0,1750.0,1250.0,500.0,3259.2592592592587,1185.1851851851854,0.0,1777.7777777777778,370.3703703703704,962.962962962963,333.3333333333333,9,62.0,158.0,140.0,140.0,150.0,149.33333333333334,609.6148560434274,-9.333333333333343,609.6309850756854,86.67,0.0,quiz02,basic03
171,172,0,676.3848396501459,80.0,875.0,875.0,1750.0,592.5925925925927,1481.4814814814815,2074.074074074074,2962.962962962963,777.7777777777778,962.962962962963,740.7407407407408,0,51.158730158730165,102.85714285714286,140.0,160.0,223.33333333333337,155.39682539682542,762.0714629286058,4.60317460317458,762.0910099345009,86.67,13.33,quiz02,basic01
172,173,0,396.5014577259475,152.0,1125.0,375.0,0.0,2370.370370370371,2370.370370370371,592.5925925925927,1481.4814814814815,1074.0740740740744,481.4814814814815,925.9259259259256,5,38.92063492063492,86.57142857142857,60.0,153.33333333333334,223.33333333333331,123.30158730158729,661.6658249158249,30.031746031746053,661.6915182274073,96.67,0.0,quiz01,basic03
173,174,0,326.530612244898,104.0,1250.0,1875.0,0.0,1777.7777777777778,3259.2592592592587,2074.074074074074,2962.962962962963,1074.0740740740744,740.7407407407408,740.7407407407408,0,42.333333333333336,66.0,125.0,226.66666666666669,230.0,140.33333333333334,1224.778396206968,86.33333333333334,1224.802018254212,96.67,0.0,quiz01,basic03
174,175,0,793.002915451895,80.0,250.0,0.0,2000.0,1481.4814814814815,888.8888888888889,3259.2592592592587,3259.2592592592587,925.9259259259256,962.962962962963,888.8888888888889,4,51.61904761904762,117.14285714285714,90.0,200.0,250.0,152.38095238095238,737.8315639387067,47.61904761904762,737.8509366324337,97.14,0.0,mid,basic02
175,176,0,93.29446064139943,344.0,500.0,1250.0,1375.0,3555.5555555555557,888.8888888888889,2370.370370370371,3555.5555555555557,296.29629629629636,222.22222222222223,259.25925925925924,7,45.02380952380953,97.42857142857143,125.0,233.33333333333334,70.0,97.47619047619048,393.7357245928674,135.85714285714286,393.7579350635179,86.0,11.43,end,mid
176,177,0,559.7667638483964,168.0,1000.0,1500.0,500.0,2074.074074074074,592.5925925925927,2962.962962962963,2962.962962962963,444.44444444444446,851.851851851852,666.6666666666666,8,50.36507936507937,110.57142857142857,120.0,193.33333333333334,176.66666666666669,135.74603174603175,927.7643097643099,57.587301587301596,927.7841647910984,76.67,13.33,quiz02,basic02
177,178,0,0.0,64.0,375.0,125.0,0.0,3555.5555555555557,1777.7777777777778,3259.2592592592587,888.8888888888889,592.5925925925927,0.0,740.7407407407408,0,15.333333333333332,16.0,20.0,213.33333333333331,120.0,52.0,1125.448361162647,161.33333333333331,1125.5135785539512,80.0,0.0,basic01,quiz02
178,179,0,373.1778425655977,40.0,500.0,125.0,125.0,3851.851851851852,3851.851851851852,1777.7777777777778,2074.074074074074,555.5555555555554,0.0,1000.0,7,28.0952380952381,55.714285714285715,30.0,260.0,140.0,75.23809523809524,421.9039888682746,184.76190476190476,421.9395820886136,90.0,0.0,quiz03,quiz02
179,180,0,769.6793002915452,200.0,2125.0,1500.0,1500.0,2666.6666666666665,3259.2592592592587,2666.6666666666665,3555.5555555555557,777.7777777777778,148.14814814814818,814.8148148148147,2,68.62698412698413,144.28571428571428,205.0,273.3333333333333,156.66666666666666,168.65079365079364,861.7651858723287,104.68253968253967,861.7797574000263,94.29,13.33,mid,quiz02
180,181,0,559.7667638483964,40.0,1000.0,875.0,1250.0,2962.962962962963,3555.5555555555557,3555.5555555555557,296.29629629629636,851.851851851852,0.0,370.3703703703704,0,41.64285714285714,78.57142857142857,125.0,233.33333333333334,110.0,104.52380952380952,779.2960042602898,128.80952380952382,779.3200179824167,80.0,0.0,basic03,quiz02
181,182,0,209.91253644314872,72.0,1750.0,1500.0,375.0,2666.6666666666665,2370.370370370371,1185.1851851851854,2962.962962962963,925.9259259259256,37.037037037037045,925.9259259259256,5,36.261904761904766,43.714285714285715,145.0,206.66666666666669,170.0,119.57142857142857,564.3526936026936,87.09523809523812,564.3802707530548,83.33,3.33,quiz03,quiz02
182,183,0,326.530612244898,128.0,1625.0,2125.0,125.0,888.8888888888889,2074.074074074074,1481.4814814814815,2962.962962962963,444.44444444444446,777.7777777777778,777.7777777777778,1,43.666666666666664,72.0,155.0,166.66666666666669,180.0,135.66666666666666,608.3662990448703,31.00000000000003,608.389199808229,85.0,5.0,basic02,basic03
183,184,0,513.1195335276967,192.0,1375.0,1875.0,125.0,296.29629629629636,1185.1851851851854,2370.370370370371,592.5925925925927,296.29629629629636,740.7407407407408,222.22222222222223,6,47.492063492063494,110.85714285714286,135.0,100.0,113.33333333333334,119.73015873015873,796.6581460867176,-19.730158730158735,796.6792022364502,75.0,5.0,basic02,basic03
184,185,0,676.3848396501459,8.0,500.0,1625.0,1625.0,4148.148148148148,2370.370370370371,2666.6666666666665,3555.5555555555557,259.25925925925924,703.7037037037038,888.8888888888889,4,48.93650793650794,84.85714285714286,150.0,286.66666666666663,166.66666666666669,133.84126984126985,922.9204287775716,152.82539682539678,922.9408634191544,93.33,2.0,basic01,end
185,186,0,583.0903790087464,392.0,2125.0,1625.0,2250.0,592.5925925925927,1777.7777777777778,888.8888888888889,2370.370370370371,222.22222222222223,629.6296296296296,185.1851851851852,5,72.63492063492065,169.42857142857144,240.0,126.66666666666669,93.33333333333333,167.5873015873016,884.6268123410981,-40.92063492063491,884.6405798236156,98.0,13.33,end,basic01
186,187,0,536.4431486880466,256.0,0.0,2375.0,1125.0,2666.6666666666665,1777.7777777777778,0.0,888.8888888888889,555.5555555555554,37.037037037037045,444.44444444444446,2,52.539682539682545,129.71428571428572,140.0,120.0,93.33333333333334,121.01587301587301,709.5420875420875,-1.0158730158730123,709.561120774716,95.0,0.0,basic02,basic03
187,188,0,653.061224489796,272.0,1500.0,125.0,875.0,2666.6666666666665,592.5925925925927,296.29629629629636,1481.4814814814815,148.14814814814818,703.7037037037038,259.25925925925924,7,53.16666666666667,148.0,100.0,113.33333333333334,100.0,116.0,892.6144952930667,-2.666666666666657,892.6333040704963,80.0,5.0,mid,basic02
188,189,0,23.323615160349856,200.0,2125.0,0.0,250.0,296.29629629629636,2666.6666666666665,888.8888888888889,592.5925925925927,148.14814814814818,37.037037037037045,777.7777777777778,1,28.103174603174605,52.857142857142854,95.0,100.0,86.66666666666667,78.17460317460318,746.1502095787811,21.825396825396822,746.1857927473775,85.0,0.0,basic01,basic02
189,190,0,513.1195335276967,144.0,1250.0,0.0,500.0,3555.5555555555557,1185.1851851851854,592.5925925925927,2074.074074074074,592.5925925925927,333.3333333333333,1037.037037037037,8,41.769841269841265,98.85714285714286,70.0,166.66666666666666,176.66666666666669,115.17460317460318,526.6085858585858,51.49206349206348,526.6325265768073,93.33,0.0,quiz03,basic02
190,191,0,489.79591836734687,72.0,1750.0,1375.0,250.0,1777.7777777777778,1481.4814814814815,2962.962962962963,1481.4814814814815,666.6666666666666,851.851851851852,888.8888888888889,4,44.55555555555556,78.0,135.0,173.33333333333334,216.66666666666669,143.22222222222223,608.5229162372019,30.111111111111114,608.5453601274762,80.0,10.0,quiz03,basic03
191,192,0,443.14868804664724,96.0,1375.0,1500.0,1375.0,888.8888888888889,296.29629629629636,888.8888888888889,2074.074074074074,1074.0740740740744,703.7037037037038,555.5555555555554,5,45.904761904761905,78.28571428571428,170.0,93.33333333333334,210.0,152.76190476190476,562.6928296571155,-59.428571428571416,562.7146138894806,96.67,6.67,quiz01,basic02
192,193,0,443.14868804664724,40.0,1125.0,1625.0,1875.0,3259.2592592592587,1777.7777777777778,0.0,2666.6666666666665,629.6296296296296,370.3703703703704,703.7037037037038,9,44.01587301587302,64.28571428571428,185.0,173.33333333333331,153.33333333333334,134.2063492063492,1158.9185047756473,39.12698412698413,1158.9412238524594,75.0,0.0,basic03,basic03
193,194,0,583.0903790087464,48.0,2375.0,1875.0,2250.0,888.8888888888889,4148.148148148148,4148.148148148148,888.8888888888889,185.1851851851852,370.3703703703704,740.7407407407408,0,56.41269841269842,83.42857142857143,260.0,226.66666666666666,116.66666666666667,153.36507936507937,644.6231704803131,73.30158730158729,644.6408969856592,95.0,12.0,basic01,end
194,195,0,256.55976676384836,72.0,1250.0,1875.0,125.0,2666.6666666666665,0.0,2074.074074074074,3259.2592592592587,444.44444444444446,444.44444444444446,777.7777777777778,1,34.85714285714286,49.42857142857143,130.0,180.0,150.0,109.80952380952381,894.5719782862644,70.19047619047619,894.6006668108546,75.0,0.0,basic02,basic02
195,196,0,606.4139941690962,48.0,2375.0,750.0,1125.0,3851.851851851852,3259.2592592592587,888.8888888888889,2962.962962962963,962.962962962963,185.1851851851852,740.7407407407408,0,50.404761904761905,86.28571428571429,170.0,246.66666666666669,170.0,142.0952380952381,833.2059369202227,104.57142857142858,833.2257763155935,95.0,12.0,basic01,end
196,197,0,116.61807580174928,32.0,1375.0,500.0,1125.0,3555.5555555555557,592.5925925925927,1185.1851851851854,1185.1851851851854,1037.037037037037,74.07407407407409,148.14814814814818,4,25.015873015873016,22.285714285714285,120.0,146.66666666666666,113.33333333333333,85.2063492063492,812.9917370988799,61.460317460317455,813.0317117181692,93.33,6.67,quiz01,quiz02
197,198,0,256.55976676384836,120.0,1875.0,750.0,1250.0,3851.851851851852,592.5925925925927,592.5925925925927,1185.1851851851854,370.3703703703704,962.962962962963,37.037037037037045,1,38.468253968253975,61.42857142857143,155.0,140.0,123.33333333333333,113.25396825396825,444.74328317185456,26.746031746031747,444.76927863296453,86.67,3.33,quiz02,quiz03
198,199,0,466.47230320699714,304.0,1375.0,1000.0,2375.0,2962.962962962963,1185.1851851851854,3555.5555555555557,2074.074074074074,518.5185185185185,1000.0,851.851851851852,3,64.89682539682539,133.14285714285714,190.0,220.0,213.33333333333331,178.82539682539678,466.75915618772757,41.17460317460322,466.77456526196016,95.0,26.67,basic03,basic02
199,200,0,349.8542274052478,272.0,2250.0,1375.0,1875.0,4148.148148148148,1777.7777777777778,2074.074074074074,1777.7777777777778,592.5925925925927,666.6666666666666,222.22222222222223,6,59.65873015873016,110.85714285714286,220.0,219.99999999999997,133.33333333333334,154.73015873015876,582.9756579399435,65.26984126984121,582.992419946063,93.33,20.0,basic01,quiz03
200,201,0,443.14868804664724,128.0,625.0,1375.0,875.0,2370.370370370371,2962.962962962963,2666.6666666666665,2370.370370370371,962.962962962963,74.07407407407409,1000.0,7,45.01587301587302,86.28571428571428,115.0,233.33333333333334,183.33333333333334,128.2063492063492,476.9068233353946,105.12698412698415,476.9290377218544,90.0,6.67,quiz03,quiz02
201,202,0,629.7376093294461,120.0,250.0,875.0,1625.0,3259.2592592592587,1185.1851851851854,1481.4814814814815,2370.370370370371,370.3703703703704,592.5925925925927,185.1851851851852,5,45.89682539682539,107.14285714285714,110.0,186.66666666666669,103.33333333333334,106.82539682539682,906.124235552807,79.84126984126986,906.1460235521154,77.14,10.0,mid,basic01
202,203,0,513.1195335276967,288.0,1750.0,1875.0,2375.0,592.5925925925927,2666.6666666666665,296.29629629629636,3851.851851851852,814.8148148148147,444.44444444444446,148.14814814814818,4,66.10317460317461,134.85714285714286,240.0,166.66666666666669,126.66666666666666,167.17460317460316,1159.5317803889232,-0.5079365079364777,1159.5469082554137,95.0,6.67,basic03,basic03
203,204,0,746.3556851311954,368.0,875.0,2375.0,500.0,296.29629629629636,1481.4814814814815,2370.370370370371,1481.4814814814815,1037.037037037037,111.11111111111111,740.7407407407408,0,69.6904761904762,183.42857142857144,150.0,126.66666666666669,170.0,167.80952380952382,355.2704596990312,-41.14285714285714,355.28480886199674,95.0,6.67,basic02,basic01
204,205,0,139.9416909620991,32.0,1250.0,500.0,1000.0,1481.4814814814815,592.5925925925927,1185.1851851851854,1777.7777777777778,222.22222222222223,851.851851851852,333.3333333333333,9,24.341269841269842,25.142857142857142,110.0,113.33333333333334,126.66666666666667,87.26984126984127,1135.2357589500446,26.063492063492077,1135.2768414410782,76.67,8.0,quiz02,end
205,206,0,536.4431486880466,8.0,2375.0,750.0,1125.0,3851.851851851852,296.29629629629636,2074.074074074074,0.0,777.7777777777778,222.22222222222223,851.851851851852,3,42.98412698412699,67.71428571428571,170.0,140.0,166.66666666666669,134.7936507936508,593.8795437366866,5.206349206349188,593.9028081384591,95.0,0.0,basic01,basic04
206,207,0,419.82507288629745,176.0,750.0,1875.0,1125.0,2074.074074074074,0.0,1185.1851851851854,3259.2592592592587,185.1851851851852,0.0,333.3333333333333,9,44.07936507936508,95.42857142857143,150.0,146.66666666666666,46.66666666666667,97.36507936507938,454.64734075448337,49.301587301587276,454.67002710666196,75.0,0.0,basic02,quiz02
207,208,0,69.97084548104955,16.0,250.0,375.0,1250.0,1185.1851851851854,1185.1851851851854,2370.370370370371,2074.074074074074,814.8148148148147,444.44444444444446,259.25925925925924,7,19.03174603174603,12.571428571428571,75.0,153.33333333333334,136.66666666666666,74.74603174603175,1050.3931148216864,78.5873015873016,1050.445658608175,73.33,4.0,quiz01,end
208,209,0,139.9416909620991,48.0,750.0,2250.0,750.0,4148.148148148148,1481.4814814814815,3555.5555555555557,3555.5555555555557,1037.037037037037,296.29629629629636,814.8148148148147,2,35.89682539682539,29.142857142857142,150.0,286.66666666666663,193.33333333333331,124.15873015873017,617.9312856455712,162.50793650793645,617.9591432621972,93.33,12.0,quiz01,end
209,210,0,443.14868804664724,56.0,1000.0,875.0,1625.0,1777.7777777777778,1185.1851851851854,592.5925925925927,4148.148148148148,925.9259259259256,592.5925925925927,592.5925925925927,6,41.73809523809524,68.28571428571428,140.0,173.33333333333331,190.0,132.76190476190476,995.9544423830138,40.571428571428555,995.9784013105665,93.33,13.33,basic04,basic03
210,211,0,629.7376093294461,0.0,2375.0,1000.0,875.0,4148.148148148148,1185.1851851851854,2370.370370370371,888.8888888888889,666.6666666666666,1000.0,851.851851851852,3,48.67460317460318,77.14285714285714,170.0,193.33333333333334,226.66666666666669,157.93650793650795,1433.4950869236586,35.39682539682539,1433.5156315184736,95.0,0.0,basic01,end
211,212,0,793.002915451895,16.0,125.0,2375.0,1000.0,3555.5555555555557,888.8888888888889,0.0,2666.6666666666665,1000.0,555.5555555555554,962.962962962963,6,50.84126984126984,101.14285714285714,140.0,160.0,226.66666666666669,155.93650793650795,960.4580498866216,4.063492063492049,960.4777189468775,97.14,0.0,mid,basic03
212,213,0,139.9416909620991,8.0,2375.0,750.0,375.0,4148.148148148148,888.8888888888889,2370.370370370371,3259.2592592592587,370.3703703703704,333.3333333333333,296.29629629629636,8,27.785714285714285,19.142857142857142,140.0,240.0,90.0,83.04761904761905,686.4132996632997,156.95238095238096,686.4492893805233,95.0,2.0,basic01,end
213,214,0,326.530612244898,224.0,500.0,2250.0,1125.0,3259.2592592592587,3851.851851851852,3851.851851851852,2370.370370370371,703.7037037037038,333.3333333333333,148.14814814814818,4,50.55555555555556,96.0,155.0,300.0,106.66666666666667,119.22222222222223,568.7845117845117,180.77777777777777,568.8042920042919,90.0,13.33,basic02,quiz03
214,215,0,163.265306122449,248.0,1125.0,500.0,1375.0,3555.5555555555557,1777.7777777777778,2962.962962962963,888.8888888888889,925.9259259259256,888.8888888888889,703.7037037037038,9,45.22222222222223,82.0,120.0,206.66666666666669,226.66666666666666,142.88888888888889,968.0021129663985,63.7777777777778,968.0242259885115,83.33,20.0,quiz01,basic04
215,216,0,279.8833819241982,208.0,375.0,875.0,125.0,2666.6666666666665,1481.4814814814815,3259.2592592592587,4148.148148148148,222.22222222222223,1037.037037037037,962.962962962963,6,40.238095238095234,86.28571428571428,55.0,260.0,200.0,113.76190476190476,945.3496014567444,146.23809523809524,945.3744535277503,93.33,5.0,quiz02,basic03
216,217,0,746.3556851311954,296.0,1125.0,125.0,1875.0,1481.4814814814815,592.5925925925927,1185.1851851851854,1777.7777777777778,148.14814814814818,740.7407407407408,1000.0,7,62.35714285714286,165.42857142857144,125.0,113.33333333333334,170.0,153.47619047619048,994.554662268948,-40.14285714285714,994.57069892416,91.43,5.0,mid,basic02
217,218,0,46.64723032069971,144.0,125.0,625.0,1500.0,3259.2592592592587,0.0,888.8888888888889,592.5925925925927,777.7777777777778,0.0,962.962962962963,6,27.317460317460323,41.714285714285715,90.0,106.66666666666666,156.66666666666669,96.12698412698414,1351.847230811516,10.539682539682516,1351.8838374355719,86.67,0.0,quiz03,quiz02
218,219,0,699.7084548104956,176.0,0.0,500.0,1125.0,3555.5555555555557,592.5925925925927,888.8888888888889,296.29629629629636,1000.0,1037.037037037037,0.0,0,48.039682539682545,129.71428571428572,65.0,120.0,183.33333333333331,126.01587301587301,862.5332233903662,-6.015873015873012,862.5540395146021,93.33,0.0,quiz02,quiz03
219,220,0,396.5014577259475,8.0,1375.0,375.0,2250.0,3851.851851851852,2962.962962962963,2962.962962962963,3555.5555555555557,481.4814814814815,1074.0740740740744,481.4814814814815,3,42.25396825396825,50.57142857142857,160.0,300.0,183.33333333333334,131.30158730158732,558.5345117845118,168.69841269841268,558.5581782007401,96.67,2.0,quiz02,end
220,221,0,326.530612244898,216.0,750.0,2000.0,1375.0,1481.4814814814815,2370.370370370371,2962.962962962963,592.5925925925927,0.0,703.7037037037038,740.7407407407408,0,48.5,94.0,165.0,166.66666666666669,130.0,129.66666666666666,470.98632584346876,37.00000000000003,471.0069444001698,80.0,0.0,basic02,quiz01
221,222,0,559.7667638483964,104.0,1000.0,500.0,500.0,1777.7777777777778,296.29629629629636,888.8888888888889,888.8888888888889,740.7407407407408,370.3703703703704,777.7777777777778,1,39.476190476190474,94.57142857142857,80.0,86.66666666666666,170.0,114.85714285714285,303.2492269635127,-28.19047619047619,303.2745586884825,70.0,6.67,quiz03,basic02
222,223,0,373.1778425655977,208.0,1125.0,625.0,1250.0,3259.2592592592587,2074.074074074074,3851.851851851852,2962.962962962963,814.8148148148147,777.7777777777778,481.4814814814815,3,49.48412698412699,97.71428571428572,120.0,273.33333333333337,186.66666666666666,134.7936507936508,920.1171407957121,138.53968253968256,920.137349296113,86.67,25.0,basic03,basic02
223,224,0,676.3848396501459,248.0,2125.0,1125.0,125.0,1185.1851851851854,3851.851851851852,4148.148148148148,1777.7777777777778,111.11111111111111,518.5185185185185,407.40740740740733,1,58.992063492063494,144.85714285714286,135.0,246.66666666666669,93.33333333333333,124.3968253968254,978.5126606198035,122.26984126984128,978.5296120526032,93.33,5.0,basic03,basic03
224,225,0,746.3556851311954,48.0,125.0,1875.0,1875.0,1481.4814814814815,3555.5555555555557,2370.370370370371,1481.4814814814815,222.22222222222223,740.7407407407408,74.07407407407409,2,49.468253968253975,103.42857142857143,155.0,200.00000000000003,93.33333333333334,117.25396825396827,1021.1137909709337,82.74603174603176,1021.1340059556923,91.43,5.0,mid,basic01
225,226,0,256.55976676384836,344.0,1750.0,125.0,1125.0,3555.5555555555557,4148.148148148148,1777.7777777777778,888.8888888888889,666.6666666666666,37.037037037037045,925.9259259259256,5,52.07936507936508,117.42857142857143,120.0,233.33333333333331,146.66666666666666,128.03174603174602,1114.4685631828488,105.30158730158729,1114.4877646458174,93.33,3.33,basic02,quiz02
226,227,0,279.8833819241982,48.0,1500.0,125.0,125.0,296.29629629629636,1777.7777777777778,296.29629629629636,0.0,1074.0740740740744,259.25925925925924,962.962962962963,6,26.79365079365079,46.285714285714285,70.0,53.33333333333333,206.66666666666669,107.65079365079366,632.2662681234109,-54.31746031746033,632.3035903982924,96.67,0.0,quiz01,basic04
227,228,0,559.7667638483964,192.0,750.0,500.0,750.0,888.8888888888889,4148.148148148148,2074.074074074074,2962.962962962963,370.3703703703704,592.5925925925927,37.037037037037045,1,45.80952380952381,116.57142857142857,80.0,226.66666666666669,90.0,95.52380952380952,410.34032501889646,131.14285714285717,410.362154540726,93.33,3.33,basic02,quiz03
228,229,0,513.1195335276967,216.0,1000.0,2000.0,1875.0,2962.962962962963,2666.6666666666665,592.5925925925927,2962.962962962963,925.9259259259256,407.40740740740733,777.7777777777778,1,60.214285714285715,116.85714285714286,195.0,206.66666666666669,190.0,167.2857142857143,1051.9126468769325,39.38095238095238,1051.9292542316182,83.33,13.33,quiz01,basic03
229,230,0,699.7084548104956,88.0,1125.0,500.0,0.0,3259.2592592592587,2074.074074074074,592.5925925925927,4148.148148148148,518.5185185185185,1000.0,851.851851851852,3,46.206349206349216,107.71428571428571,65.0,226.66666666666669,213.33333333333331,128.68253968253967,805.1323438466295,97.98412698412702,805.1539858940359,93.33,0.0,basic04,basic03
230,231,0,699.7084548104956,288.0,2000.0,2000.0,1250.0,1777.7777777777778,4148.148148148148,1185.1851851851854,3259.2592592592587,925.9259259259256,1074.0740740740744,74.07407407407409,2,72.48412698412699,157.71428571428572,210.0,233.33333333333331,186.66666666666666,184.7936507936508,1095.1030028172884,48.5396825396825,1095.1167989412345,96.67,6.67,quiz02,quiz03
231,232,0,769.6793002915452,176.0,250.0,2375.0,125.0,888.8888888888889,2370.370370370371,3555.5555555555557,296.29629629629636,407.40740740740733,333.3333333333333,185.1851851851852,5,52.34920634920635,138.28571428571428,110.0,160.0,83.33333333333333,110.53968253968253,648.5475675118533,49.46031746031747,648.5666699982087,95.0,5.0,basic02,basic03
232,233,0,279.8833819241982,176.0,2125.0,2125.0,625.0,1777.7777777777778,0.0,592.5925925925927,1481.4814814814815,629.6296296296296,370.3703703703704,592.5925925925927,6,46.01587301587301,78.28571428571428,195.0,86.66666666666667,143.33333333333334,138.87301587301587,881.496186353329,-52.2063492063492,881.517917984926,85.0,0.0,basic02,basic02
233,234,0,419.82507288629745,336.0,625.0,1750.0,2125.0,3259.2592592592587,1185.1851851851854,4148.148148148148,3555.5555555555557,333.3333333333333,333.3333333333333,74.07407407407409,2,60.91269841269842,135.42857142857144,180.0,273.3333333333333,66.66666666666667,127.36507936507938,597.5528069813782,145.96825396825392,597.569223919489,93.33,6.67,basic03,quiz03
234,235,0,629.7376093294461,128.0,2375.0,125.0,1000.0,1777.7777777777778,1481.4814814814815,3259.2592592592587,1777.7777777777778,518.5185185185185,666.6666666666666,370.3703703703704,0,50.61904761904761,109.14285714285714,140.0,186.66666666666669,140.0,129.7142857142857,762.9150518793375,56.95238095238099,762.9348072885567,95.0,5.0,basic01,basic02
235,236,0,46.64723032069971,264.0,625.0,2125.0,375.0,296.29629629629636,2074.074074074074,1185.1851851851854,3259.2592592592587,296.29629629629636,703.7037037037038,703.7037037037038,9,39.37301587301587,71.71428571428571,125.0,153.33333333333331,153.33333333333334,116.68253968253968,1066.1539888682746,36.65079365079363,1066.1793869734954,85.0,5.71,basic02,mid
236,237,0,443.14868804664724,184.0,2000.0,2250.0,2250.0,3851.851851851852,592.5925925925927,296.29629629629636,3259.2592592592587,1037.037037037037,962.962962962963,222.22222222222223,6,62.238095238095234,100.28571428571428,260.0,180.0,200.0,186.76190476190473,473.21876932591226,-6.761904761904731,473.23483665567505,93.33,6.67,quiz01,basic03
237,238,0,583.0903790087464,336.0,750.0,1250.0,1875.0,2666.6666666666665,1185.1851851851854,1777.7777777777778,3555.5555555555557,296.29629629629636,518.5185185185185,333.3333333333333,9,62.968253968253975,155.42857142857144,155.0,206.66666666666669,103.33333333333333,137.9206349206349,1224.228750085893,68.74603174603178,1224.2446311042947,84.0,26.67,end,quiz01
238,239,0,233.23615160349857,368.0,2375.0,0.0,125.0,2370.370370370371,1777.7777777777778,1777.7777777777778,2962.962962962963,1037.037037037037,74.07407407407409,259.25925925925924,7,49.25396825396825,120.57142857142857,100.0,200.0,123.33333333333333,114.63492063492062,731.7853878925308,85.36507936507938,731.8056908251766,95.0,0.0,basic01,basic02
239,240,0,419.82507288629745,144.0,125.0,0.0,750.0,3555.5555555555557,1185.1851851851854,592.5925925925927,0.0,629.6296296296296,222.22222222222223,777.7777777777778,1,33.24603174603175,87.42857142857143,35.0,120.0,146.66666666666666,89.6984126984127,389.4815501958359,30.301587301587304,389.51162897358716,80.0,0.0,basic01,basic04
240,241,0,373.1778425655977,40.0,625.0,1125.0,1500.0,296.29629629629636,2370.370370370371,2962.962962962963,1185.1851851851854,518.5185185185185,666.6666666666666,555.5555555555554,5,35.98412698412699,55.714285714285715,130.0,153.33333333333334,156.66666666666666,114.12698412698414,860.3840273483129,39.2063492063492,860.4118173791907,66.67,6.67,basic03,basic01
241,242,0,373.1778425655977,40.0,1625.0,1000.0,1250.0,3555.5555555555557,3555.5555555555557,0.0,592.5925925925927,222.22222222222223,74.07407407407409,74.07407407407409,2,34.87301587301588,55.714285714285715,155.0,173.33333333333334,33.333333333333336,81.34920634920636,876.5500412286127,91.98412698412699,876.578716695158,80.0,0.0,basic02,basic03
242,243,0,793.002915451895,296.0,125.0,2000.0,1500.0,3851.851851851852,2074.074074074074,1777.7777777777778,3851.851851851852,777.7777777777778,185.1851851851852,370.3703703703704,0,67.78571428571428,171.14285714285714,145.0,260.0,120.0,145.38095238095238,466.4961691747406,114.61904761904762,466.51092154565737,97.14,5.0,mid,basic01
243,244,0,466.47230320699714,360.0,1625.0,2000.0,1750.0,3555.5555555555557,3259.2592592592587,1481.4814814814815,3851.851851851852,666.6666666666666,814.8148148148147,185.1851851851852,5,70.11904761904762,147.14285714285714,215.0,273.3333333333333,149.99999999999997,170.7142857142857,896.2566309352023,102.61904761904762,896.2708923953043,90.0,16.67,end,quiz03
244,245,0,186.58892128279885,144.0,750.0,2375.0,750.0,4148.148148148148,1777.7777777777778,592.5925925925927,2666.6666666666665,222.22222222222223,0.0,222.22222222222223,6,36.714285714285715,58.85714285714286,155.0,206.66666666666666,40.0,84.61904761904762,910.6668556311415,122.04761904761904,910.6940929852271,95.0,0.0,basic02,quiz02
245,246,0,279.8833819241982,128.0,0.0,1000.0,625.0,3555.5555555555557,2666.6666666666665,3851.851851851852,0.0,703.7037037037038,0.0,259.25925925925924,7,31.626984126984127,66.28571428571428,65.0,226.66666666666669,86.66666666666667,72.65079365079366,1225.0321411392842,154.015873015873,1225.0637597089203,86.67,0.0,basic03,quiz02
246,247,0,746.3556851311954,376.0,1375.0,375.0,875.0,592.5925925925927,0.0,1777.7777777777778,592.5925925925927,185.1851851851852,777.7777777777778,1037.037037037037,8,64.52380952380952,185.42857142857144,105.0,66.66666666666667,180.0,156.80952380952382,887.2255033326463,-90.14285714285715,887.2410014876278,94.0,0.0,end,basic02
247,248,0,69.97084548104955,376.0,750.0,1375.0,1500.0,3851.851851851852,296.29629629629636,3555.5555555555557,2666.6666666666665,1037.037037037037,629.6296296296296,703.7037037037038,9,53.08730158730159,102.57142857142857,145.0,233.33333333333334,213.33333333333334,153.63492063492063,711.6621143406855,79.69841269841271,711.6809512370826,94.0,6.67,end,basic02
248,249,0,629.7376093294461,0.0,750.0,750.0,1625.0,1185.1851851851854,4148.148148148148,1185.1851851851854,1481.4814814814815,703.7037037037038,407.40740740740733,259.25925925925924,7,40.3968253968254,77.14285714285714,125.0,180.0,123.33333333333333,108.4920634920635,828.5490964062393,71.5079365079365,828.5738508266716,93.33,0.0,basic02,end
249,250,0,233.23615160349857,0.0,1500.0,1500.0,2250.0,3259.2592592592587,0.0,1481.4814814814815,3555.5555555555557,629.6296296296296,407.40740740740733,518.5185185185185,4,37.476190476190474,28.571428571428573,210.0,186.66666666666666,140.0,126.19047619047619,849.807239057239,60.47619047619047,849.8339226658794,90.0,0.0,basic03,basic02
250,251,0,326.530612244898,272.0,2375.0,0.0,1250.0,3555.5555555555557,2370.370370370371,3259.2592592592587,2370.370370370371,259.25925925925924,629.6296296296296,37.037037037037045,1,50.77777777777778,108.0,145.0,260.0,83.33333333333333,112.1111111111111,890.2112279255136,147.8888888888889,890.2309215797806,95.0,0.0,basic01,basic02
251,252,0,46.64723032069971,384.0,250.0,1750.0,1000.0,2370.370370370371,2370.370370370371,888.8888888888889,1777.7777777777778,111.11111111111111,962.962962962963,555.5555555555554,5,46.48412698412699,101.71428571428571,120.0,166.66666666666669,146.66666666666669,122.7936507936508,703.8836665979525,43.87301587301589,703.9051793177749,96.0,5.71,end,mid
252,253,0,536.4431486880466,296.0,1500.0,750.0,1000.0,2962.962962962963,3259.2592592592587,2962.962962962963,4148.148148148148,148.14814814814818,407.40740740740733,74.07407407407409,2,57.317460317460316,139.71428571428572,130.0,300.0,56.666666666666664,108.7936507936508,1100.0249261320691,191.20634920634922,1100.0423728227365,93.33,6.67,basic04,quiz03
253,254,0,69.97084548104955,24.0,1250.0,500.0,875.0,3851.851851851852,3555.5555555555557,2370.370370370371,3851.851851851852,74.07407407407409,777.7777777777778,37.037037037037045,1,24.476190476190478,14.571428571428571,105.0,306.6666666666667,80.0,66.52380952380952,757.2599979385692,240.14285714285717,757.3008539696976,86.67,3.33,basic04,quiz03
254,255,0,139.9416909620991,392.0,1250.0,1125.0,1500.0,2962.962962962963,592.5925925925927,1777.7777777777778,4148.148148148148,814.8148148148147,259.25925925925924,666.6666666666666,8,54.84126984126984,115.14285714285714,155.0,213.33333333333331,156.66666666666666,142.26984126984124,642.6866453652168,71.06349206349208,642.7048798080533,98.0,13.33,end,basic02
255,256,0,629.7376093294461,80.0,1125.0,1000.0,1500.0,592.5925925925927,3851.851851851852,2666.6666666666665,2370.370370370371,925.9259259259256,851.851851851852,259.25925925925924,7,50.230158730158735,97.14285714285714,145.0,213.33333333333334,183.33333333333334,141.82539682539684,599.2609599395315,71.5079365079365,599.280868297882,86.67,13.33,basic02,basic01
256,257,0,676.3848396501459,368.0,1875.0,1250.0,500.0,3259.2592592592587,1777.7777777777778,3259.2592592592587,592.5925925925927,703.7037037037038,481.4814814814815,629.6296296296296,7,68.65873015873017,174.85714285714286,145.0,200.0,163.33333333333334,161.06349206349208,898.4320071462928,38.93650793650792,898.4465719364905,92.0,13.33,end,basic04
257,258,0,606.4139941690962,192.0,0.0,875.0,625.0,296.29629629629636,3259.2592592592587,3259.2592592592587,2666.6666666666665,925.9259259259256,37.037037037037045,481.4814814814815,3,46.23809523809524,122.28571428571429,60.0,213.33333333333331,130.0,104.09523809523809,529.4566584209442,109.23809523809523,529.4782856094097,83.33,0.0,quiz01,basic01
258,259,0,606.4139941690962,264.0,1375.0,1250.0,500.0,2962.962962962963,0.0,2962.962962962963,2370.370370370371,851.851851851852,407.40740740740733,444.44444444444446,2,57.34920634920635,140.28571428571428,125.0,186.66666666666669,153.33333333333334,139.53968253968253,795.232512196798,47.126984126984155,795.2499492297346,76.67,0.0,quiz01,basic02
259,260,0,606.4139941690962,80.0,500.0,375.0,1500.0,2962.962962962963,2666.6666666666665,1777.7777777777778,4148.148148148148,592.5925925925927,1074.0740740740744,296.29629629629636,8,45.460317460317455,94.28571428571429,95.0,260.0,176.66666666666666,121.98412698412699,950.2990964062392,138.015873015873,950.3210936129431,96.67,15.0,quiz02,basic02
260,261,0,746.3556851311954,56.0,1875.0,1625.0,625.0,888.8888888888889,2074.074074074074,4148.148148148148,296.29629629629636,555.5555555555554,888.8888888888889,333.3333333333333,9,52.35714285714286,105.42857142857143,165.0,166.66666666666666,160.0,143.47619047619048,772.7014876657731,23.190476190476176,772.7205872564962,93.33,6.67,basic03,basic04
261,262,0,209.91253644314872,48.0,1375.0,1000.0,1750.0,296.29629629629636,296.29629629629636,4148.148148148148,888.8888888888889,148.14814814814818,111.11111111111111,370.3703703703704,0,30.984126984126988,37.714285714285715,165.0,126.66666666666666,56.66666666666667,86.46031746031747,750.8790455576169,40.20634920634919,750.9113201477809,93.33,6.67,basic03,basic02
262,263,0,629.7376093294461,176.0,125.0,1250.0,1250.0,3555.5555555555557,2074.074074074074,1185.1851851851854,296.29629629629636,925.9259259259256,740.7407407407408,222.22222222222223,6,50.45238095238095,121.14285714285714,105.0,159.99999999999997,170.0,132.04761904761904,1046.9253590325018,27.952380952380935,1046.9451797026293,83.33,5.0,quiz01,basic01
263,264,0,69.97084548104955,312.0,2250.0,625.0,250.0,3851.851851851852,888.8888888888889,2074.074074074074,2370.370370370371,0.0,740.7407407407408,222.22222222222223,6,42.198412698412696,86.57142857142857,125.0,206.66666666666669,86.66666666666667,99.41269841269842,449.4436026936027,107.25396825396827,449.46730026742256,90.0,0.0,basic01,quiz01
264,265,0,326.530612244898,96.0,875.0,1750.0,250.0,1777.7777777777778,2074.074074074074,1481.4814814814815,3851.851851851852,407.40740740740733,666.6666666666666,703.7037037037038,9,38.00000000000001,64.0,115.0,206.66666666666669,160.0,113.0,602.931955610527,93.66666666666669,602.9582714000006,86.67,10.0,basic04,basic03
265,266,0,186.58892128279885,200.0,750.0,2000.0,1375.0,3259.2592592592587,3555.5555555555557,3851.851851851852,592.5925925925927,666.6666666666666,740.7407407407408,370.3703703703704,0,46.38095238095239,72.85714285714286,165.0,253.33333333333334,160.0,132.61904761904762,649.9092283377996,120.71428571428572,649.9307889127483,86.67,13.33,basic03,basic04
266,267,0,186.58892128279885,64.0,1375.0,1125.0,500.0,1481.4814814814815,2962.962962962963,0.0,3259.2592592592587,74.07407407407409,592.5925925925927,777.7777777777778,1,30.38095238095238,38.85714285714286,120.0,173.33333333333331,130.0,96.28571428571429,,77.04761904761902,,73.33,0.0,basic04,basic03
